ASN00040859,20001130,PRCP,0,,,a,
ASN00040859,20001201,PRCP,0,,,a,
ASN00040859,20001202,PRCP,0,,,a,
ASN00040859,20001203,PRCP,0,,,a,
ASN00040859,20001204,PRCP,0,,,a,
ASN00040859,20001205,PRCP,0,,,a,
ASN00040859,20001206,PRCP,0,,,a,
ASN00040859,20001207,PRCP,0,,,a,
ASN00040859,20001208,PRCP,0,,,a,
ASN00040859,20001209,PRCP,0,,,a,
ASN00040859,20001210,PRCP,0,,,a,
ASN00040859,20001211,PRCP,0,,,a,
ASN00040859,20001212,PRCP,0,,,a,
ASN00040859,20001213,PRCP,0,,,a,
ASN00040859,20001214,PRCP,0,,,a,
ASN00040859,20001215,PRCP,20,,,a,
ASN00040859,20001216,PRCP,10,,,a,
ASN00040859,20001217,PRCP,0,,,a,
ASN00040859,20001218,PRCP,0,,,a,
ASN00040859,20001219,PRCP,0,,,a,
ASN00040859,20001220,PRCP,0,,,a,
ASN00040859,20001221,PRCP,0,,,a,
ASN00040859,20001222,PRCP,0,,,a,
ASN00040859,20001223,PRCP,0,,,a,
ASN00040859,20001224,PRCP,0,,,a,
ASN00040859,20001225,PRCP,0,,,a,
ASN00040859,20001226,PRCP,30,,,a,
ASN00040859,20001227,PRCP,30,,,a,
ASN00040859,20001228,PRCP,0,,,a,
ASN00040859,20001229,PRCP,0,,,a,
ASN00040859,20001230,PRCP,0,,,a,
ASN00040859,20001231,PRCP,0,,,a,
ASN00040859,20010101,PRCP,0,,,a,
ASN00040859,20010102,PRCP,0,,,a,
ASN00040859,20010103,PRCP,0,,,a,
ASN00040859,20010104,PRCP,0,,,a,
ASN00040859,20010105,PRCP,0,,,a,
ASN00040859,20010106,PRCP,0,,,a,
ASN00040859,20010108,PRCP,0,,,a,
ASN00040859,20010109,PRCP,90,,,a,
ASN00040859,20010110,PRCP,0,,,a,
ASN00040859,20010111,PRCP,0,,,a,
ASN00040859,20010112,PRCP,0,,,a,
ASN00040859,20010113,PRCP,0,,,a,
ASN00040859,20010114,PRCP,0,,,a,
ASN00040859,20010115,PRCP,0,,,a,
ASN00040859,20010116,PRCP,0,,,a,
ASN00040859,20010117,PRCP,0,,,a,
ASN00040859,20010118,PRCP,100,,,a,
ASN00040859,20010119,PRCP,0,,,a,
ASN00040859,20010120,PRCP,40,,,a,
ASN00040859,20010121,PRCP,0,,,a,
ASN00040859,20010122,PRCP,0,,,a,
ASN00040859,20010123,PRCP,0,,,a,
ASN00040859,20010124,PRCP,0,,,a,
ASN00040859,20010125,PRCP,0,,,a,
ASN00040859,20010126,PRCP,0,,,a,
ASN00040859,20010127,PRCP,0,,,a,
ASN00040859,20010128,PRCP,70,,,a,
ASN00040859,20010129,PRCP,0,,,a,
ASN00040859,20010130,PRCP,10,,,a,
ASN00040859,20010131,PRCP,90,,,a,
ASN00040859,20010201,PRCP,20,,,a,
ASN00040859,20010202,PRCP,0,,,a,
ASN00040859,20010203,PRCP,140,,,a,
ASN00040859,20010204,PRCP,90,,,a,
ASN00040859,20010205,PRCP,0,,,a,
ASN00040859,20010206,PRCP,0,,,a,
ASN00040859,20010207,PRCP,0,,,a,
ASN00040859,20010519,PRCP,20,,,a,
ASN00040859,20010521,PRCP,0,,,a,
ASN00040859,20010522,PRCP,160,,,a,
ASN00040859,20010523,PRCP,0,,,a,
ASN00040859,20010524,PRCP,10,,,a,
ASN00040859,20010525,PRCP,0,,,a,
ASN00040859,20010526,PRCP,0,,,a,
ASN00040859,20010527,PRCP,0,,,a,
ASN00040859,20010528,PRCP,0,,,a,
ASN00040859,20010529,PRCP,0,,,a,
ASN00040859,20010530,PRCP,0,,,a,
ASN00040859,20010531,PRCP,0,,,a,
ASN00040859,20010601,PRCP,0,,,a,
ASN00040859,20010602,PRCP,0,,,a,
ASN00040859,20010603,PRCP,0,,,a,
ASN00040859,20010604,PRCP,0,,,a,
ASN00040859,20010605,PRCP,0,,,a,
ASN00040859,20010606,PRCP,0,,,a,
ASN00040859,20010607,PRCP,10,,,a,
ASN00040859,20010608,PRCP,30,,,a,
ASN00040859,20010609,PRCP,0,,,a,
ASN00040859,20010610,PRCP,0,,,a,
ASN00040859,20010611,PRCP,0,,,a,
ASN00040859,20010612,PRCP,0,,,a,
ASN00040859,20010613,PRCP,0,,,a,
ASN00040859,20010614,PRCP,0,,,a,
ASN00040859,20010615,PRCP,0,,,a,
ASN00040859,20010616,PRCP,0,,,a,
ASN00040859,20010617,PRCP,0,,,a,
ASN00040859,20010618,PRCP,0,,,a,
ASN00040859,20010619,PRCP,0,,,a,
ASN00040859,20010620,PRCP,0,,,a,
ASN00040859,20010621,PRCP,0,,,a,
ASN00040859,20010622,PRCP,0,,,a,
ASN00040859,20010623,PRCP,0,,,a,
ASN00040859,20010624,PRCP,0,,,a,
ASN00040859,20010625,PRCP,0,,,a,
ASN00040859,20010626,PRCP,0,,,a,
ASN00040859,20010627,PRCP,0,,,a,
ASN00040859,20010628,PRCP,0,,,a,
ASN00040859,20010629,PRCP,0,,,a,
ASN00040859,20010630,PRCP,0,,,a,
ASN00040859,20010701,PRCP,0,,,a,
ASN00040859,20010702,PRCP,0,,,a,
ASN00040859,20010703,PRCP,0,,,a,
ASN00040859,20010704,PRCP,0,,,a,
ASN00040859,20010705,PRCP,0,,,a,
ASN00040859,20010706,PRCP,0,,,a,
ASN00040859,20010708,PRCP,0,,,a,
ASN00040859,20010709,PRCP,0,,,a,
ASN00040859,20010710,PRCP,0,,,a,
ASN00040859,20010711,PRCP,0,,,a,
ASN00040859,20010712,PRCP,10,,,a,
ASN00040859,20010713,PRCP,0,,,a,
ASN00040859,20010714,PRCP,0,,,a,
ASN00040859,20010715,PRCP,10,,,a,
ASN00040859,20010716,PRCP,0,,,a,
ASN00040859,20010717,PRCP,0,,,a,
ASN00040859,20010718,PRCP,0,,,a,
ASN00040859,20010719,PRCP,0,,,a,
ASN00040859,20010720,PRCP,0,,,a,
ASN00040859,20010721,PRCP,0,,,a,
ASN00040859,20010722,PRCP,0,,,a,
ASN00040859,20010723,PRCP,0,,,a,
ASN00040859,20010724,PRCP,0,,,a,
ASN00040859,20010725,PRCP,0,,,a,
ASN00040859,20010726,PRCP,0,,,a,
ASN00040859,20010727,PRCP,20,,,a,
ASN00040859,20010728,PRCP,0,,,a,
ASN00040859,20010729,PRCP,0,,,a,
ASN00040859,20010730,PRCP,0,,,a,
ASN00040859,20010731,PRCP,0,,,a,
ASN00040859,20010801,PRCP,0,,,a,
ASN00040859,20010802,PRCP,0,,,a,
ASN00040859,20010803,PRCP,0,,,a,
ASN00040859,20011023,PRCP,0,,,a,
ASN00040859,20011024,PRCP,0,,,a,
ASN00040859,20011025,PRCP,0,,,a,
ASN00040859,20011026,PRCP,0,,,a,
ASN00040859,20011027,PRCP,0,,,a,
ASN00040859,20011028,PRCP,0,,,a,
ASN00040859,20011208,PRCP,10,,,a,
ASN00040859,20011209,PRCP,0,,,a,
ASN00040859,20011210,PRCP,20,,,a,
ASN00040859,20011211,PRCP,0,,,a,
ASN00040859,20011212,PRCP,0,,,a,
ASN00040859,20011213,PRCP,0,,,a,
ASN00040859,20011214,PRCP,0,,,a,
ASN00040859,20011215,PRCP,10,,,a,
ASN00040859,20011216,PRCP,240,,,a,
ASN00040859,20011217,PRCP,0,,,a,
ASN00040859,20011218,PRCP,0,,,a,
ASN00040859,20011219,PRCP,0,,,a,
ASN00040859,20011220,PRCP,0,,,a,
ASN00040859,20011221,PRCP,0,,,a,
ASN00040859,20011222,PRCP,10,,,a,
ASN00040859,20011223,PRCP,0,,,a,
ASN00040859,20011224,PRCP,0,,,a,
ASN00040859,20011225,PRCP,0,,,a,
ASN00040859,20011226,PRCP,0,,,a,
ASN00040859,20011227,PRCP,0,,,a,
ASN00040859,20011228,PRCP,0,,,a,
ASN00040859,20011229,PRCP,0,,,a,
ASN00040859,20011230,PRCP,0,,,a,
ASN00040859,20011231,PRCP,70,,,a,
ASN00040859,20020101,PRCP,0,,,a,
ASN00040859,20020102,PRCP,0,,,a,
ASN00040859,20020103,PRCP,0,,,a,
ASN00040859,20020104,PRCP,0,,,a,
ASN00040859,20020105,PRCP,10,,,a,
ASN00040859,20020106,PRCP,0,,,a,
ASN00040859,20020107,PRCP,100,,,a,
ASN00040859,20020108,PRCP,10,,,a,
ASN00040859,20020109,PRCP,0,,,a,
ASN00040859,20020110,PRCP,0,,,a,
ASN00040859,20020111,PRCP,0,,,a,
ASN00040859,20020112,PRCP,0,,,a,
ASN00040859,20020113,PRCP,0,,,a,
ASN00040859,20020114,PRCP,0,,,a,
ASN00040859,20020115,PRCP,0,,,a,
ASN00040859,20020116,PRCP,30,,,a,
ASN00040859,20020117,PRCP,50,,,a,
ASN00040859,20020118,PRCP,0,,,a,
ASN00040859,20020119,PRCP,0,,,a,
ASN00040859,20020120,PRCP,0,,,a,
ASN00040859,20020121,PRCP,0,,,a,
ASN00040859,20020122,PRCP,0,,,a,
ASN00040859,20020123,PRCP,0,,,a,
ASN00040859,20020124,PRCP,200,,,a,
ASN00040859,20020125,PRCP,0,,,a,
ASN00040859,20020126,PRCP,0,,,a,
ASN00040859,20020127,PRCP,0,,,a,
ASN00040859,20020128,PRCP,0,,,a,
ASN00040859,20020129,PRCP,0,,,a,
ASN00040859,20020130,PRCP,10,,,a,
ASN00040859,20020131,PRCP,20,,,a,
ASN00040859,20020203,PRCP,250,,,a,
ASN00040859,20020204,PRCP,0,,,a,
ASN00040859,20020205,PRCP,10,,,a,
ASN00040859,20020206,PRCP,80,,,a,
ASN00040859,20020207,PRCP,0,,,a,
ASN00040859,20020208,PRCP,170,,,a,
ASN00040859,20020209,PRCP,0,,,a,
ASN00040859,20020210,PRCP,0,,,a,
ASN00040859,20020211,PRCP,0,,,a,
ASN00040859,20020212,PRCP,0,,,a,
ASN00040859,20020213,PRCP,0,,,a,
ASN00040859,20020216,PRCP,0,,,a,
ASN00040859,20020217,PRCP,0,,,a,
ASN00040859,20020218,PRCP,0,,,a,
ASN00040859,20020219,PRCP,0,,,a,
ASN00040859,20020220,PRCP,0,,,a,
ASN00040859,20020221,PRCP,0,,,a,
ASN00040859,20020222,PRCP,0,,,a,
ASN00040859,20020223,PRCP,0,,,a,
ASN00040859,20020224,PRCP,0,,,a,
ASN00040859,20020225,PRCP,0,,,a,
ASN00040859,20020226,PRCP,40,,,a,
ASN00040859,20020227,PRCP,0,,,a,
ASN00040859,20020228,PRCP,40,,,a,
ASN00040859,20020301,PRCP,90,,,a,
ASN00040859,20020302,PRCP,90,,,a,
ASN00040859,20020303,PRCP,250,,,a,
ASN00040859,20020304,PRCP,0,,,a,
ASN00040859,20020305,PRCP,10,,,a,
ASN00040859,20020306,PRCP,30,,,a,
ASN00040859,20020307,PRCP,0,,,a,
ASN00040859,20020308,PRCP,0,,,a,
ASN00040859,20020309,PRCP,50,,,a,
ASN00040859,20020310,PRCP,0,,,a,
ASN00040859,20020311,PRCP,0,,,a,
ASN00040859,20020312,PRCP,0,,,a,
ASN00040859,20020313,PRCP,0,,,a,
ASN00040859,20020314,PRCP,0,,,a,
ASN00040859,20020315,PRCP,0,,,a,
ASN00040859,20020316,PRCP,0,,,a,
ASN00040859,20020317,PRCP,0,,,a,
ASN00040859,20020318,PRCP,0,,,a,
ASN00040859,20020319,PRCP,0,,,a,
ASN00040859,20020320,PRCP,0,,,a,
ASN00040859,20020321,PRCP,0,,,a,
ASN00040859,20020322,PRCP,0,,,a,
ASN00040859,20020323,PRCP,0,,,a,
ASN00040859,20020324,PRCP,0,,,a,
ASN00040859,20020325,PRCP,20,,,a,
ASN00040859,20020326,PRCP,0,,,a,
ASN00040859,20020327,PRCP,70,,,a,
ASN00040859,20020328,PRCP,50,,,a,
ASN00040859,20020329,PRCP,80,,,a,
ASN00040859,20020330,PRCP,150,,,a,
ASN00040859,20020331,PRCP,50,,,a,
ASN00040859,20020401,PRCP,60,,,a,
ASN00040859,20020402,PRCP,30,,,a,
ASN00040859,20020403,PRCP,0,,,a,
ASN00040859,20020404,PRCP,0,,,a,
ASN00040859,20020405,PRCP,0,,,a,
ASN00040859,20020406,PRCP,0,,,a,
ASN00040859,20020407,PRCP,0,,,a,
ASN00040859,20020408,PRCP,0,,,a,
ASN00040859,20020409,PRCP,0,,,a,
ASN00040859,20020410,PRCP,0,,,a,
ASN00040859,20020411,PRCP,0,,,a,
ASN00040859,20020412,PRCP,0,,,a,
ASN00040859,20020413,PRCP,0,,,a,
ASN00040859,20020414,PRCP,0,,,a,
ASN00040859,20020415,PRCP,0,,,a,
ASN00040859,20020416,PRCP,0,,,a,
ASN00040859,20020417,PRCP,0,,,a,
ASN00040859,20020418,PRCP,10,,,a,
ASN00040859,20020419,PRCP,0,,,a,
ASN00040859,20020420,PRCP,0,,,a,
ASN00040859,20020421,PRCP,0,,,a,
ASN00040859,20020422,PRCP,0,,,a,
ASN00040859,20020423,PRCP,0,,,a,
ASN00040859,20020424,PRCP,0,,,a,
ASN00040859,20020425,PRCP,0,,,a,
ASN00040859,20020426,PRCP,0,,,a,
ASN00040859,20020509,PRCP,0,,,a,
ASN00040859,20020510,PRCP,0,,,a,
ASN00040859,20020511,PRCP,0,,,a,
ASN00040859,20020512,PRCP,0,,,a,
ASN00040859,20020513,PRCP,0,,,a,
ASN00040859,20020514,PRCP,0,,,a,
ASN00040859,20020517,PRCP,0,,,a,
ASN00040859,20020518,PRCP,0,,,a,
ASN00040859,20020519,PRCP,0,,,a,
ASN00040859,20020520,PRCP,0,,,a,
ASN00040859,20020521,PRCP,0,,,a,
ASN00040859,20020522,PRCP,0,,,a,
ASN00040859,20020523,PRCP,0,,,a,
ASN00040859,20020524,PRCP,0,,,a,
ASN00040859,20020525,PRCP,0,,,a,
ASN00040859,20020526,PRCP,60,,,a,
ASN00040859,20020527,PRCP,0,,,a,
ASN00040859,20020528,PRCP,0,,,a,
ASN00040859,20020529,PRCP,220,,,a,
ASN00040859,20020601,PRCP,0,,,a,
ASN00040859,20020602,PRCP,0,,,a,
ASN00040859,20020603,PRCP,70,,,a,
ASN00040859,20020604,PRCP,0,,,a,
ASN00040859,20020605,PRCP,10,,,a,
ASN00040859,20020606,PRCP,0,,,a,
ASN00040859,20020607,PRCP,0,,,a,
ASN00040859,20020608,PRCP,0,,,a,
ASN00040859,20020609,PRCP,100,,,a,
ASN00040859,20020610,PRCP,0,,,a,
ASN00040859,20020611,PRCP,0,,,a,
ASN00040859,20020612,PRCP,0,,,a,
ASN00040859,20020613,PRCP,0,,,a,
ASN00040859,20020614,PRCP,0,,,a,
ASN00040859,20020615,PRCP,0,,,a,
ASN00040859,20020616,PRCP,0,,,a,
ASN00040859,20020617,PRCP,300,,,a,
ASN00040859,20020618,PRCP,0,,,a,
ASN00040859,20020619,PRCP,0,,,a,
ASN00040859,20020620,PRCP,10,,,a,
ASN00040859,20020621,PRCP,0,,,a,
ASN00040859,20020622,PRCP,0,,,a,
ASN00040859,20020623,PRCP,0,,,a,
ASN00040859,20020624,PRCP,0,,,a,
ASN00040859,20020625,PRCP,0,,,a,
ASN00040859,20020626,PRCP,0,,,a,
ASN00040859,20020627,PRCP,0,,,a,
ASN00040859,20020628,PRCP,0,,,a,
ASN00040859,20020629,PRCP,0,,,a,
ASN00040859,20020630,PRCP,0,,,a,
ASN00040859,20020701,PRCP,0,,,a,
ASN00040859,20020702,PRCP,0,,,a,
ASN00040859,20020703,PRCP,0,,,a,
ASN00040859,20020704,PRCP,0,,,a,
ASN00040859,20020705,PRCP,0,,,a,
ASN00040859,20020706,PRCP,0,,,a,
ASN00040859,20020707,PRCP,0,,,a,
ASN00040859,20020708,PRCP,0,,,a,
ASN00040859,20020709,PRCP,0,,,a,
ASN00040859,20020710,PRCP,0,,,a,
ASN00040859,20020711,PRCP,0,,,a,
ASN00040859,20020712,PRCP,0,,,a,
ASN00040859,20020713,PRCP,0,,,a,
ASN00040859,20020714,PRCP,0,,,a,
ASN00040859,20020715,PRCP,10,,,a,
ASN00040859,20020716,PRCP,0,,,a,
ASN00040859,20020717,PRCP,0,,,a,
ASN00040859,20020718,PRCP,0,,,a,
ASN00040859,20020719,PRCP,0,,,a,
ASN00040859,20020720,PRCP,0,,,a,
ASN00040859,20020721,PRCP,0,,,a,
ASN00040859,20020722,PRCP,0,,,a,
ASN00040859,20020723,PRCP,0,,,a,
ASN00040859,20020724,PRCP,0,,,a,
ASN00040859,20020725,PRCP,0,,,a,
ASN00040859,20020728,PRCP,0,,,a,
ASN00040859,20020729,PRCP,0,,,a,
ASN00040859,20020730,PRCP,0,,,a,
ASN00040859,20020731,PRCP,0,,,a,
ASN00040859,20020801,PRCP,0,,,a,
ASN00040859,20020802,PRCP,0,,,a,
ASN00040859,20020803,PRCP,0,,,a,
ASN00040859,20020804,PRCP,0,,,a,
ASN00040859,20020805,PRCP,0,,,a,
ASN00040859,20020806,PRCP,0,,,a,
ASN00040859,20020807,PRCP,0,,,a,
ASN00040859,20020808,PRCP,0,,,a,
ASN00040859,20020810,PRCP,0,,,a,
ASN00040859,20020811,PRCP,0,,,a,
ASN00040859,20020812,PRCP,0,,,a,
ASN00040859,20020813,PRCP,0,,,a,
ASN00040859,20020814,PRCP,0,,,a,
ASN00040859,20020815,PRCP,0,,,a,
ASN00040859,20020816,PRCP,0,,,a,
ASN00040859,20020817,PRCP,0,,,a,
ASN00040859,20020818,PRCP,0,,,a,
ASN00040859,20020819,PRCP,0,,,a,
ASN00040859,20020820,PRCP,10,,,a,
ASN00040859,20020821,PRCP,50,,,a,
ASN00040859,20020822,PRCP,640,,,a,
ASN00040859,20020823,PRCP,40,,,a,
ASN00040859,20020824,PRCP,0,,,a,
ASN00040859,20020825,PRCP,10,,,a,
ASN00040859,20020826,PRCP,90,,,a,
ASN00040859,20020827,PRCP,10,,,a,
ASN00040859,20020828,PRCP,0,,,a,
ASN00040859,20020829,PRCP,0,,,a,
ASN00040859,20020830,PRCP,0,,,a,
ASN00040859,20020831,PRCP,0,,,a,
ASN00040859,20020901,PRCP,0,,,a,
ASN00040859,20020902,PRCP,0,,,a,
ASN00040859,20020903,PRCP,0,,,a,
ASN00040859,20020904,PRCP,0,,,a,
ASN00040859,20020905,PRCP,0,,,a,
ASN00040859,20020906,PRCP,0,,,a,
ASN00040859,20020907,PRCP,0,,,a,
ASN00040859,20020908,PRCP,0,,,a,
ASN00040859,20020909,PRCP,0,,,a,
ASN00040859,20020910,PRCP,0,,,a,
ASN00040859,20020911,PRCP,0,,,a,
ASN00040859,20020912,PRCP,50,,,a,
ASN00040859,20020913,PRCP,0,,,a,
ASN00040859,20020914,PRCP,0,,,a,
ASN00040859,20020915,PRCP,0,,,a,
ASN00040859,20020916,PRCP,0,,,a,
ASN00040859,20020917,PRCP,0,,,a,
ASN00040859,20020918,PRCP,0,,,a,
ASN00040859,20020919,PRCP,0,,,a,
ASN00040859,20020920,PRCP,0,,,a,
ASN00040859,20020921,PRCP,0,,,a,
ASN00040859,20020922,PRCP,0,,,a,
ASN00040859,20020923,PRCP,0,,,a,
ASN00040859,20020924,PRCP,0,,,a,
ASN00040859,20020925,PRCP,0,,,a,
ASN00040859,20020926,PRCP,0,,,a,
ASN00040859,20020927,PRCP,0,,,a,
ASN00040859,20020928,PRCP,0,,,a,
ASN00040859,20020929,PRCP,0,,,a,
ASN00040859,20020930,PRCP,0,,,a,
ASN00040859,20021001,PRCP,0,,,a,
ASN00040859,20021002,PRCP,0,,,a,
ASN00040859,20021003,PRCP,0,,,a,
ASN00040859,20021004,PRCP,0,,,a,
ASN00040859,20021005,PRCP,0,,,a,
ASN00040859,20021006,PRCP,0,,,a,
ASN00040859,20021007,PRCP,0,,,a,
ASN00040859,20021008,PRCP,0,,,a,
ASN00040859,20021009,PRCP,0,,,a,
ASN00040859,20021010,PRCP,80,,,a,
ASN00040859,20021011,PRCP,10,,,a,
ASN00040859,20021012,PRCP,0,,,a,
ASN00040859,20021013,PRCP,0,,,a,
ASN00040859,20021014,PRCP,0,,,a,
ASN00040859,20021015,PRCP,0,,,a,
ASN00040859,20021016,PRCP,0,,,a,
ASN00040859,20021017,PRCP,0,,,a,
ASN00040859,20021018,PRCP,0,,,a,
ASN00040859,20021019,PRCP,0,,,a,
ASN00040859,20021022,PRCP,0,,,a,
ASN00040859,20021023,PRCP,0,,,a,
ASN00040859,20021024,PRCP,0,,,a,
ASN00040859,20021025,PRCP,0,,,a,
ASN00040859,20021026,PRCP,0,,,a,
ASN00040859,20021027,PRCP,0,,,a,
ASN00040859,20021028,PRCP,390,,,a,
ASN00040859,20021029,PRCP,0,,,a,
ASN00040859,20021030,PRCP,0,,,a,
ASN00040859,20021031,PRCP,0,,,a,
ASN00040859,20021101,PRCP,0,,,a,
ASN00040859,20021102,PRCP,0,,,a,
ASN00040859,20021103,PRCP,0,,,a,
ASN00040859,20021104,PRCP,0,,,a,
ASN00040859,20021105,PRCP,10,,,a,
ASN00040859,20021106,PRCP,0,,,a,
ASN00040859,20021107,PRCP,0,,,a,
ASN00040859,20021108,PRCP,0,,,a,
ASN00040859,20021109,PRCP,0,,,a,
ASN00040859,20021110,PRCP,0,,,a,
ASN00040859,20021111,PRCP,10,,,a,
ASN00040859,20021112,PRCP,0,,,a,
ASN00040859,20021113,PRCP,0,,,a,
ASN00040859,20021114,PRCP,250,,,a,
ASN00040859,20021115,PRCP,0,,,a,
ASN00040859,20021116,PRCP,310,,,a,
ASN00040859,20021117,PRCP,10,,,a,
ASN00040859,20021118,PRCP,0,,,a,
ASN00040859,20021119,PRCP,0,,,a,
ASN00040859,20021120,PRCP,0,,,a,
ASN00040859,20021121,PRCP,0,,,a,
ASN00040859,20021122,PRCP,0,,,a,
ASN00040859,20021123,PRCP,0,,,a,
ASN00040859,20021124,PRCP,0,,,a,
ASN00040859,20021125,PRCP,0,,,a,
ASN00040859,20021126,PRCP,0,,,a,
ASN00040859,20021127,PRCP,0,,,a,
ASN00040859,20021128,PRCP,0,,,a,
ASN00040859,20021129,PRCP,30,,,a,
ASN00040859,20021130,PRCP,70,,,a,
ASN00040859,20021201,PRCP,0,,,a,
ASN00040859,20021202,PRCP,0,,,a,
ASN00040859,20021203,PRCP,0,,,a,
ASN00040859,20021204,PRCP,80,,,a,
ASN00040859,20021205,PRCP,0,,,a,
ASN00040859,20021206,PRCP,0,,,a,
ASN00040859,20021207,PRCP,0,,,a,
ASN00040859,20021208,PRCP,0,,,a,
ASN00040859,20021209,PRCP,0,,,a,
ASN00040859,20021210,PRCP,140,,,a,
ASN00040859,20021211,PRCP,130,,,a,
ASN00040859,20021212,PRCP,0,,,a,
ASN00040859,20021213,PRCP,0,,,a,
ASN00040859,20021214,PRCP,0,,,a,
ASN00040859,20021215,PRCP,0,,,a,
ASN00040859,20021216,PRCP,0,,,a,
ASN00040859,20021217,PRCP,70,,,a,
ASN00040859,20021218,PRCP,10,,,a,
ASN00040859,20021219,PRCP,0,,,a,
ASN00040859,20021220,PRCP,0,,,a,
ASN00040859,20021221,PRCP,0,,,a,
ASN00040859,20021222,PRCP,0,,,a,
ASN00040859,20021223,PRCP,0,,,a,
ASN00040859,20021224,PRCP,50,,,a,
ASN00040859,20021225,PRCP,20,,,a,
ASN00040859,20021226,PRCP,10,,,a,
ASN00040859,20021227,PRCP,50,,,a,
ASN00040859,20021228,PRCP,30,,,a,
ASN00040859,20021229,PRCP,10,,,a,
ASN00040859,20021230,PRCP,0,,,a,
ASN00040859,20021231,PRCP,0,,,a,
ASN00040859,20030101,PRCP,0,,,a,
ASN00040859,20030102,PRCP,20,,,a,
ASN00040859,20030103,PRCP,0,,,a,
ASN00040859,20030104,PRCP,0,,,a,
ASN00040859,20030105,PRCP,0,,,a,
ASN00040859,20030106,PRCP,0,,,a,
ASN00040859,20030107,PRCP,0,,,a,
ASN00040859,20030108,PRCP,0,,,a,
ASN00040859,20030109,PRCP,0,,,a,
ASN00040859,20030110,PRCP,0,,,a,
ASN00040859,20030111,PRCP,0,,,a,
ASN00040859,20030112,PRCP,0,,,a,
ASN00040859,20030113,PRCP,20,,,a,
ASN00040859,20030114,PRCP,0,,,a,
ASN00040859,20030115,PRCP,0,,,a,
ASN00040859,20030116,PRCP,0,,,a,
ASN00040859,20030117,PRCP,0,,,a,
ASN00040859,20030118,PRCP,0,,,a,
ASN00040859,20030119,PRCP,0,,,a,
ASN00040859,20030120,PRCP,10,,,a,
ASN00040859,20030121,PRCP,0,,,a,
ASN00040859,20030122,PRCP,0,,,a,
ASN00040859,20030123,PRCP,0,,,a,
ASN00040859,20030124,PRCP,0,,,a,
ASN00040859,20030125,PRCP,0,,,a,
ASN00040859,20030126,PRCP,0,,,a,
ASN00040859,20030127,PRCP,0,,,a,
ASN00040859,20030128,PRCP,0,,,a,
ASN00040859,20030129,PRCP,0,,,a,
ASN00040859,20030130,PRCP,0,,,a,
ASN00040859,20030131,PRCP,0,,,a,
ASN00040859,20030201,PRCP,0,,,a,
ASN00040859,20030202,PRCP,120,,,a,
ASN00040859,20030203,PRCP,10,,,a,
ASN00040859,20030204,PRCP,100,,,a,
ASN00040859,20030205,PRCP,50,,,a,
ASN00040859,20030206,PRCP,10,,,a,
ASN00040859,20030207,PRCP,0,,,a,
ASN00040859,20030208,PRCP,0,,,a,
ASN00040859,20030209,PRCP,0,,,a,
ASN00040859,20030210,PRCP,10,,,a,
ASN00040859,20030211,PRCP,0,,,a,
ASN00040859,20030212,PRCP,10,,,a,
ASN00040859,20030213,PRCP,0,,,a,
ASN00040859,20030214,PRCP,0,,,a,
ASN00040859,20030215,PRCP,0,,,a,
ASN00040859,20030216,PRCP,0,,,a,
ASN00040859,20030217,PRCP,0,,,a,
ASN00040859,20030218,PRCP,50,,,a,
ASN00040859,20030219,PRCP,430,,,a,
ASN00040859,20030220,PRCP,150,,,a,
ASN00040859,20030221,PRCP,0,,,a,
ASN00040859,20030222,PRCP,260,,,a,
ASN00040859,20030223,PRCP,200,,,a,
ASN00040859,20030224,PRCP,240,,,a,
ASN00040859,20030225,PRCP,100,,,a,
ASN00040859,20030226,PRCP,150,,,a,
ASN00040859,20030227,PRCP,0,,,a,
ASN00040859,20030228,PRCP,0,,,a,
ASN00040859,20030301,PRCP,0,,,a,
ASN00040859,20030302,PRCP,10,,,a,
ASN00040859,20030303,PRCP,0,,,a,
ASN00040859,20030304,PRCP,0,,,a,
ASN00040859,20030307,PRCP,0,,,a,
ASN00040859,20030319,PRCP,0,,,a,
ASN00040859,20030320,PRCP,0,,,a,
ASN00040859,20030321,PRCP,0,,,a,
ASN00040859,20030322,PRCP,0,,,a,
ASN00040859,20030323,PRCP,240,,,a,
ASN00040859,20030324,PRCP,130,,,a,
ASN00040859,20030325,PRCP,0,,,a,
ASN00040859,20030326,PRCP,0,,,a,
ASN00040859,20030327,PRCP,0,,,a,
ASN00040859,20030328,PRCP,0,,,a,
ASN00040859,20030329,PRCP,80,,,a,
ASN00040859,20030330,PRCP,0,,,a,
ASN00040859,20030331,PRCP,50,,,a,
ASN00040859,20030401,PRCP,0,,,a,
ASN00040859,20030402,PRCP,0,,,a,
ASN00040859,20030403,PRCP,120,,,a,
ASN00040859,20030404,PRCP,0,,,a,
ASN00040859,20030405,PRCP,30,,,a,
ASN00040859,20030406,PRCP,0,,,a,
ASN00040859,20030407,PRCP,0,,,a,
ASN00040859,20030408,PRCP,0,,,a,
ASN00040859,20030409,PRCP,0,,,a,
ASN00040859,20030410,PRCP,0,,,a,
ASN00040859,20030411,PRCP,10,,,a,
ASN00040859,20030412,PRCP,160,,,a,
ASN00040859,20030413,PRCP,0,,,a,
ASN00040859,20030414,PRCP,0,,,a,
ASN00040859,20030415,PRCP,0,,,a,
ASN00040859,20030416,PRCP,0,,,a,
ASN00040859,20030417,PRCP,0,,,a,
ASN00040859,20030418,PRCP,0,,,a,
ASN00040859,20030419,PRCP,0,,,a,
ASN00040859,20030420,PRCP,10,,,a,
ASN00040859,20030421,PRCP,10,,,a,
ASN00040859,20030422,PRCP,0,,,a,
ASN00040859,20030423,PRCP,0,,,a,
ASN00040859,20030424,PRCP,0,,,a,
ASN00040859,20030425,PRCP,20,,,a,
ASN00040859,20030426,PRCP,30,,,a,
ASN00040859,20030427,PRCP,10,,,a,
ASN00040859,20030428,PRCP,100,,,a,
ASN00040859,20030429,PRCP,0,,,a,
ASN00040859,20030501,PRCP,0,,,a,
ASN00040859,20030502,PRCP,0,,,a,
ASN00040859,20030503,PRCP,0,,,a,
ASN00040859,20030504,PRCP,0,,,a,
ASN00040859,20030505,PRCP,0,,,a,
ASN00040859,20030506,PRCP,20,,,a,
ASN00040859,20030507,PRCP,80,,,a,
ASN00040859,20030508,PRCP,0,,,a,
ASN00040859,20030509,PRCP,0,,,a,
ASN00040859,20030510,PRCP,0,,,a,
ASN00040859,20030511,PRCP,0,,,a,
ASN00040859,20030512,PRCP,0,,,a,
ASN00040859,20030513,PRCP,0,,,a,
ASN00040859,20030514,PRCP,0,,,a,
ASN00040859,20030515,PRCP,60,,,a,
ASN00040859,20030516,PRCP,20,,,a,
ASN00040859,20030524,PRCP,0,,,a,
ASN00040859,20030525,PRCP,0,,,a,
ASN00040859,20030526,PRCP,0,,,a,
ASN00040859,20030527,PRCP,0,,,a,
ASN00040859,20030528,PRCP,60,,,a,
ASN00040859,20030529,PRCP,30,,,a,
ASN00040859,20030530,PRCP,30,,,a,
ASN00040859,20030531,PRCP,0,,,a,
ASN00040859,20030601,PRCP,10,,,a,
ASN00040859,20030602,PRCP,0,,,a,
ASN00040859,20030603,PRCP,10,,,a,
ASN00040859,20030604,PRCP,120,,,a,
ASN00040859,20030605,PRCP,10,,,a,
ASN00040859,20030606,PRCP,0,,,a,
ASN00040859,20030607,PRCP,0,,,a,
ASN00040859,20030608,PRCP,0,,,a,
ASN00040859,20030609,PRCP,0,,,a,
ASN00040859,20030610,PRCP,0,,,a,
ASN00040859,20030611,PRCP,0,,,a,
ASN00040859,20030612,PRCP,0,,,a,
ASN00040859,20030613,PRCP,0,,,a,
ASN00040859,20030614,PRCP,0,,,a,
ASN00040859,20030615,PRCP,0,,,a,
ASN00040859,20030616,PRCP,0,,,a,
ASN00040859,20030617,PRCP,0,,,a,
ASN00040859,20030618,PRCP,0,,,a,
ASN00040859,20030619,PRCP,0,,,a,
ASN00040859,20030620,PRCP,0,,,a,
ASN00040859,20030621,PRCP,130,,,a,
ASN00040859,20030622,PRCP,0,,,a,
ASN00040859,20030623,PRCP,0,,,a,
ASN00040859,20030624,PRCP,0,,,a,
ASN00040859,20030625,PRCP,0,,,a,
ASN00040859,20030626,PRCP,50,,,a,
ASN00040859,20030627,PRCP,390,,,a,
ASN00040859,20030628,PRCP,0,,,a,
ASN00040859,20030629,PRCP,0,,,a,
ASN00040859,20030630,PRCP,0,,,a,
ASN00040859,20030701,PRCP,0,,,a,
ASN00040859,20030702,PRCP,120,,,a,
ASN00040859,20030703,PRCP,0,,,a,
ASN00040859,20030704,PRCP,0,,,a,
ASN00040859,20030705,PRCP,0,,,a,
ASN00040859,20030706,PRCP,0,,,a,
ASN00040859,20030707,PRCP,0,,,a,
ASN00040859,20030708,PRCP,0,,,a,
ASN00040859,20030709,PRCP,0,,,a,
ASN00040859,20030710,PRCP,40,,,a,
ASN00040859,20030711,PRCP,0,,,a,
ASN00040859,20030712,PRCP,10,,,a,
ASN00040859,20030713,PRCP,10,,,a,
ASN00040859,20030714,PRCP,0,,,a,
ASN00040859,20030715,PRCP,20,,,a,
ASN00040859,20030716,PRCP,0,,,a,
ASN00040859,20030717,PRCP,0,,,a,
ASN00040859,20030718,PRCP,0,,,a,
ASN00040859,20030719,PRCP,0,,,a,
ASN00040859,20030720,PRCP,10,,,a,
ASN00040859,20030721,PRCP,0,,,a,
ASN00040859,20030722,PRCP,0,,,a,
ASN00040859,20030723,PRCP,0,,,a,
ASN00040859,20030724,PRCP,10,,,a,
ASN00040859,20030725,PRCP,0,,,a,
ASN00040859,20030726,PRCP,0,,,a,
ASN00040859,20030727,PRCP,0,,,a,
ASN00040859,20030728,PRCP,0,,,a,
ASN00040859,20030729,PRCP,0,,,a,
ASN00040859,20030730,PRCP,0,,,a,
ASN00040859,20030731,PRCP,0,,,a,
ASN00040859,20030801,PRCP,0,,,a,
ASN00040859,20030802,PRCP,0,,,a,
ASN00040859,20030803,PRCP,0,,,a,
ASN00040859,20030804,PRCP,0,,,a,
ASN00040859,20030805,PRCP,0,,,a,
ASN00040859,20030806,PRCP,0,,,a,
ASN00040859,20030807,PRCP,0,,,a,
ASN00040859,20030808,PRCP,0,,,a,
ASN00040859,20030809,PRCP,0,,,a,
ASN00040859,20030810,PRCP,0,,,a,
ASN00040859,20030811,PRCP,0,,,a,
ASN00040859,20030812,PRCP,0,,,a,
ASN00040859,20030813,PRCP,0,,,a,
ASN00040859,20030814,PRCP,0,,,a,
ASN00040859,20030815,PRCP,0,,,a,
ASN00040859,20030816,PRCP,0,,,a,
ASN00040859,20030817,PRCP,0,,,a,
ASN00040859,20030818,PRCP,0,,,a,
ASN00040859,20030819,PRCP,0,,,a,
ASN00040859,20030820,PRCP,0,,,a,
ASN00040859,20030821,PRCP,0,,,a,
ASN00040859,20030822,PRCP,0,,,a,
ASN00040859,20030823,PRCP,0,,,a,
ASN00040859,20030824,PRCP,20,,,a,
ASN00040859,20030825,PRCP,0,,,a,
ASN00040859,20030826,PRCP,0,,,a,
ASN00040859,20030827,PRCP,0,,,a,
ASN00040859,20030828,PRCP,0,,,a,
ASN00040859,20030829,PRCP,0,,,a,
ASN00040859,20030830,PRCP,0,,,a,
ASN00040859,20030831,PRCP,0,,,a,
ASN00040859,20030901,PRCP,0,,,a,
ASN00040859,20030904,PRCP,0,,,a,
ASN00040859,20030905,PRCP,0,,,a,
ASN00040859,20030906,PRCP,0,,,a,
ASN00040859,20030907,PRCP,0,,,a,
ASN00040859,20030908,PRCP,0,,,a,
ASN00040859,20030909,PRCP,0,,,a,
ASN00040859,20030910,PRCP,0,,,a,
ASN00040859,20030911,PRCP,0,,,a,
ASN00040859,20030912,PRCP,0,,,a,
ASN00040859,20030913,PRCP,0,,,a,
ASN00040859,20030914,PRCP,0,,,a,
ASN00040859,20030915,PRCP,0,,,a,
ASN00040859,20030916,PRCP,0,,,a,
ASN00040859,20030917,PRCP,0,,,a,
ASN00040859,20030918,PRCP,0,,,a,
ASN00040859,20030919,PRCP,0,,,a,
ASN00040859,20030920,PRCP,0,,,a,
ASN00040859,20030921,PRCP,0,,,a,
ASN00040859,20030922,PRCP,0,,,a,
ASN00040859,20030923,PRCP,0,,,a,
ASN00040859,20030924,PRCP,0,,,a,
ASN00040859,20030925,PRCP,0,,,a,
ASN00040859,20030926,PRCP,0,,,a,
ASN00040859,20030927,PRCP,100,,,a,
ASN00040859,20030928,PRCP,0,,,a,
ASN00040859,20030929,PRCP,0,,,a,
ASN00040859,20030930,PRCP,0,,,a,
ASN00040859,20031001,PRCP,0,,,a,
ASN00040859,20031002,PRCP,190,,,a,
ASN00040859,20031003,PRCP,110,,,a,
ASN00040859,20031004,PRCP,10,,,a,
ASN00040859,20031005,PRCP,0,,,a,
ASN00040859,20031006,PRCP,0,,,a,
ASN00040859,20031007,PRCP,110,,,a,
ASN00040859,20031008,PRCP,20,,,a,
ASN00040859,20031009,PRCP,0,,,a,
ASN00040859,20031010,PRCP,0,,,a,
ASN00040859,20031011,PRCP,90,,,a,
ASN00040859,20031012,PRCP,0,,,a,
ASN00040859,20031013,PRCP,0,,,a,
ASN00040859,20031014,PRCP,0,,,a,
ASN00040859,20031015,PRCP,0,,,a,
ASN00040859,20031016,PRCP,0,,,a,
ASN00040859,20031017,PRCP,210,,,a,
ASN00040859,20031018,PRCP,0,,,a,
ASN00040859,20031019,PRCP,0,,,a,
ASN00040859,20031020,PRCP,0,,,a,
ASN00040859,20031021,PRCP,100,,,a,
ASN00040859,20031022,PRCP,0,,,a,
ASN00040859,20031023,PRCP,0,,,a,
ASN00040859,20031024,PRCP,0,,,a,
ASN00040859,20031025,PRCP,340,,,a,
ASN00040859,20031026,PRCP,100,,,a,
ASN00040859,20031027,PRCP,10,,,a,
ASN00040859,20031028,PRCP,0,,,a,
ASN00040859,20031029,PRCP,10,,,a,
ASN00040859,20031030,PRCP,0,,,a,
ASN00040859,20031031,PRCP,0,,,a,
ASN00040859,20031101,PRCP,0,,,a,
ASN00040859,20031102,PRCP,0,,,a,
ASN00040859,20031103,PRCP,0,,,a,
ASN00040859,20031104,PRCP,0,,,a,
ASN00040859,20031105,PRCP,0,,,a,
ASN00040859,20031106,PRCP,0,,,a,
ASN00040859,20031107,PRCP,0,,,a,
ASN00040859,20031108,PRCP,0,,,a,
ASN00040859,20031109,PRCP,0,,,a,
ASN00040859,20031110,PRCP,60,,,a,
ASN00040859,20031111,PRCP,10,,,a,
ASN00040859,20031112,PRCP,0,,,a,
ASN00040859,20031113,PRCP,0,,,a,
ASN00040859,20031114,PRCP,10,,,a,
ASN00040859,20031115,PRCP,0,,,a,
ASN00040859,20031116,PRCP,0,,,a,
ASN00040859,20031117,PRCP,0,,,a,
ASN00040859,20031118,PRCP,0,,,a,
ASN00040859,20031119,PRCP,0,,,a,
ASN00040859,20031120,PRCP,10,,,a,
ASN00040859,20031121,PRCP,0,,,a,
ASN00040859,20031122,PRCP,10,,,a,
ASN00040859,20031125,PRCP,0,,,a,
ASN00040859,20031126,PRCP,0,,,a,
ASN00040859,20031127,PRCP,0,,,a,
ASN00040859,20031128,PRCP,0,,,a,
ASN00040859,20031129,PRCP,0,,,a,
ASN00040859,20031130,PRCP,0,,,a,
ASN00040859,20031201,PRCP,0,,,a,
ASN00040859,20031202,PRCP,0,,,a,
ASN00040859,20031203,PRCP,30,,,a,
ASN00040859,20031204,PRCP,40,,,a,
ASN00040859,20031205,PRCP,170,,,a,
ASN00040859,20031206,PRCP,170,,,a,
ASN00040859,20031207,PRCP,70,,,a,
ASN00040859,20031208,PRCP,0,,,a,
ASN00040859,20031209,PRCP,0,,,a,
ASN00040859,20031210,PRCP,0,,,a,
ASN00040859,20031211,PRCP,0,,,a,
ASN00040859,20031212,PRCP,0,,,a,
ASN00040859,20031213,PRCP,30,,,a,
ASN00040859,20031214,PRCP,0,,,a,
ASN00040859,20031215,PRCP,60,,,a,
ASN00040859,20031216,PRCP,10,,,a,
ASN00040859,20031217,PRCP,30,,,a,
ASN00040859,20031218,PRCP,0,,,a,
ASN00040859,20031219,PRCP,0,,,a,
ASN00040859,20031220,PRCP,0,,,a,
ASN00040859,20031221,PRCP,0,,,a,
ASN00040859,20031222,PRCP,0,,,a,
ASN00040859,20031223,PRCP,0,,,a,
ASN00040859,20031224,PRCP,0,,,a,
ASN00040859,20031225,PRCP,0,,,a,
ASN00040859,20031226,PRCP,0,,,a,
ASN00040859,20031227,PRCP,0,,,a,
ASN00040859,20031228,PRCP,0,,,a,
ASN00040859,20031229,PRCP,0,,,a,
ASN00040859,20031230,PRCP,0,,,a,
ASN00040859,20031231,PRCP,0,,,a,
ASN00040859,20040101,PRCP,0,,,a,
ASN00040859,20040102,PRCP,0,,,a,
ASN00040859,20040103,PRCP,0,,,a,
ASN00040859,20040104,PRCP,0,,,a,
ASN00040859,20040105,PRCP,40,,,a,
ASN00040859,20040106,PRCP,10,,,a,
ASN00040859,20040107,PRCP,0,,,a,
ASN00040859,20040108,PRCP,0,,,a,
ASN00040859,20040109,PRCP,0,,,a,
ASN00040859,20040110,PRCP,0,,,a,
ASN00040859,20040111,PRCP,100,,,a,
ASN00040859,20040112,PRCP,230,,,a,
ASN00040859,20040113,PRCP,790,,,a,
ASN00040859,20040114,PRCP,10,,,a,
ASN00040859,20040115,PRCP,430,,,a,
ASN00040859,20040116,PRCP,550,,,a,
ASN00040859,20040117,PRCP,340,,,a,
ASN00040859,20040118,PRCP,210,,,a,
ASN00040859,20040119,PRCP,0,,,a,
ASN00040859,20040120,PRCP,0,,,a,
ASN00040859,20040121,PRCP,0,,,a,
ASN00040859,20040122,PRCP,0,,,a,
ASN00040859,20040123,PRCP,0,,,a,
ASN00040859,20040124,PRCP,670,,,a,
ASN00040859,20040125,PRCP,20,,,a,
ASN00040859,20040126,PRCP,90,,,a,
ASN00040859,20040127,PRCP,150,,,a,
ASN00040859,20040128,PRCP,50,,,a,
ASN00040859,20040417,PRCP,10,,,a,
ASN00040859,20040418,PRCP,0,,,a,
ASN00040859,20040419,PRCP,40,,,a,
ASN00040859,20040420,PRCP,0,,,a,
ASN00040859,20040421,PRCP,0,,,a,
ASN00040859,20040422,PRCP,0,,,a,
ASN00040859,20040423,PRCP,0,,,a,
ASN00040859,20040424,PRCP,0,,,a,
ASN00040859,20040425,PRCP,0,,,a,
ASN00040859,20040426,PRCP,0,,,a,
ASN00040859,20040427,PRCP,0,,,a,
ASN00040859,20040428,PRCP,0,,,a,
ASN00040859,20040429,PRCP,160,,,a,
ASN00040859,20040430,PRCP,150,,,a,
ASN00040859,20040501,PRCP,0,,,a,
ASN00040859,20040502,PRCP,0,,,a,
ASN00040859,20040503,PRCP,0,,,a,
ASN00040859,20040504,PRCP,0,,,a,
ASN00040859,20040505,PRCP,0,,,a,
ASN00040859,20040506,PRCP,0,,,a,
ASN00040859,20040507,PRCP,0,,,a,
ASN00040859,20040508,PRCP,0,,,a,
ASN00040859,20040509,PRCP,10,,,a,
ASN00040859,20040510,PRCP,0,,,a,
ASN00040859,20040511,PRCP,0,,,a,
ASN00040859,20040512,PRCP,0,,,a,
ASN00040859,20040513,PRCP,0,,,a,
ASN00040859,20040514,PRCP,0,,,a,
ASN00040859,20040517,PRCP,0,,,a,
ASN00040859,20040518,PRCP,0,,,a,
ASN00040859,20040519,PRCP,0,,,a,
ASN00040859,20040520,PRCP,0,,,a,
ASN00040859,20040521,PRCP,0,,,a,
ASN00040859,20040522,PRCP,0,,,a,
ASN00040859,20040523,PRCP,0,,,a,
ASN00040859,20040524,PRCP,0,,,a,
ASN00040859,20040525,PRCP,0,,,a,
ASN00040859,20040526,PRCP,20,,,a,
ASN00040859,20040527,PRCP,10,,,a,
ASN00040859,20040528,PRCP,10,,,a,
ASN00040859,20040529,PRCP,0,,,a,
ASN00040859,20040530,PRCP,0,,,a,
ASN00040859,20040531,PRCP,0,,,a,
ASN00040859,20040601,PRCP,0,,,a,
ASN00040859,20040602,PRCP,0,,,a,
ASN00040859,20040603,PRCP,0,,,a,
ASN00040859,20040604,PRCP,0,,,a,
ASN00040859,20040605,PRCP,0,,,a,
ASN00040859,20040606,PRCP,0,,,a,
ASN00040859,20040607,PRCP,0,,,a,
ASN00040859,20040608,PRCP,20,,,a,
ASN00040859,20040609,PRCP,20,,,a,
ASN00040859,20040610,PRCP,10,,,a,
ASN00040859,20040611,PRCP,0,,,a,
ASN00040859,20040612,PRCP,0,,,a,
ASN00040859,20040613,PRCP,0,,,a,
ASN00040859,20040614,PRCP,0,,,a,
ASN00040859,20040615,PRCP,0,,,a,
ASN00040859,20040616,PRCP,0,,,a,
ASN00040859,20040617,PRCP,0,,,a,
ASN00040859,20040618,PRCP,0,,,a,
ASN00040859,20040619,PRCP,0,,,a,
ASN00040859,20040620,PRCP,0,,,a,
ASN00040859,20040621,PRCP,0,,,a,
ASN00040859,20040622,PRCP,0,,,a,
ASN00040859,20040623,PRCP,0,,,a,
ASN00040859,20040624,PRCP,0,,,a,
ASN00040859,20040625,PRCP,0,,,a,
ASN00040859,20040626,PRCP,0,,,a,
ASN00040859,20040627,PRCP,0,,,a,
ASN00040859,20040628,PRCP,0,,,a,
ASN00040859,20040629,PRCP,0,,,a,
ASN00040859,20040630,PRCP,0,,,a,
ASN00040859,20040701,PRCP,0,,,a,
ASN00040859,20040702,PRCP,0,,,a,
ASN00040859,20040703,PRCP,0,,,a,
ASN00040859,20040704,PRCP,0,,,a,
ASN00040859,20040705,PRCP,0,,,a,
ASN00040859,20040706,PRCP,0,,,a,
ASN00040859,20040707,PRCP,0,,,a,
ASN00040859,20040708,PRCP,0,,,a,
ASN00040859,20040709,PRCP,0,,,a,
ASN00040859,20040710,PRCP,0,,,a,
ASN00040859,20040711,PRCP,10,,,a,
ASN00040859,20040712,PRCP,0,,,a,
ASN00040859,20040713,PRCP,0,,,a,
ASN00040859,20040714,PRCP,0,,,a,
ASN00040859,20040715,PRCP,0,,,a,
ASN00040859,20040716,PRCP,0,,,a,
ASN00040859,20040717,PRCP,0,,,a,
ASN00040859,20040718,PRCP,0,,,a,
ASN00040859,20040719,PRCP,0,,,a,
ASN00040859,20040720,PRCP,0,,,a,
ASN00040859,20040721,PRCP,0,,,a,
ASN00040859,20040722,PRCP,0,,,a,
ASN00040859,20040723,PRCP,0,,,a,
ASN00040859,20040724,PRCP,0,,,a,
ASN00040859,20040725,PRCP,0,,,a,
ASN00040859,20040726,PRCP,0,,,a,
ASN00040859,20040727,PRCP,90,,,a,
ASN00040859,20040728,PRCP,0,,,a,
ASN00040859,20040729,PRCP,0,,,a,
ASN00040859,20040730,PRCP,0,,,a,
ASN00040859,20040731,PRCP,0,,,a,
ASN00040859,20040801,PRCP,0,,,a,
ASN00040859,20040802,PRCP,0,,,a,
ASN00040859,20040803,PRCP,30,,,a,
ASN00040859,20040804,PRCP,0,,,a,
ASN00040859,20040805,PRCP,0,,,a,
ASN00040859,20040806,PRCP,0,,,a,
ASN00040859,20040807,PRCP,0,,,a,
ASN00040859,20040808,PRCP,0,,,a,
ASN00040859,20040809,PRCP,0,,,a,
ASN00040859,20040810,PRCP,0,,,a,
ASN00040859,20040813,PRCP,0,,,a,
ASN00040859,20040814,PRCP,0,,,a,
ASN00040859,20040815,PRCP,0,,,a,
ASN00040859,20040816,PRCP,0,,,a,
ASN00040859,20040817,PRCP,0,,,a,
ASN00040859,20040818,PRCP,120,,,a,
ASN00040859,20040819,PRCP,20,,,a,
ASN00040859,20040820,PRCP,0,,,a,
ASN00040859,20040821,PRCP,0,,,a,
ASN00040859,20040822,PRCP,0,,,a,
ASN00040859,20040823,PRCP,0,,,a,
ASN00040859,20040824,PRCP,0,,,a,
ASN00040859,20040825,PRCP,0,,,a,
ASN00040859,20040826,PRCP,0,,,a,
ASN00040859,20040827,PRCP,0,,,a,
ASN00040859,20040828,PRCP,0,,,a,
ASN00040859,20040829,PRCP,0,,,a,
ASN00040859,20040830,PRCP,0,,,a,
ASN00040859,20040831,PRCP,10,,,a,
ASN00040859,20040901,PRCP,20,,,a,
ASN00040859,20040902,PRCP,0,,,a,
ASN00040859,20040903,PRCP,0,,,a,
ASN00040859,20040904,PRCP,20,,,a,
ASN00040859,20040905,PRCP,0,,,a,
ASN00040859,20040906,PRCP,0,,,a,
ASN00040859,20040907,PRCP,0,,,a,
ASN00040859,20040908,PRCP,0,,,a,
ASN00040859,20040909,PRCP,90,,,a,
ASN00040859,20040910,PRCP,20,,,a,
ASN00040859,20040911,PRCP,0,,,a,
ASN00040859,20040912,PRCP,0,,,a,
ASN00040859,20040913,PRCP,0,,,a,
ASN00040859,20040914,PRCP,0,,,a,
ASN00040859,20040915,PRCP,0,,,a,
ASN00040859,20040916,PRCP,0,,,a,
ASN00040859,20040917,PRCP,0,,,a,
ASN00040859,20040918,PRCP,0,,,a,
ASN00040859,20040919,PRCP,0,,,a,
ASN00040859,20040920,PRCP,0,,,a,
ASN00040859,20040921,PRCP,0,,,a,
ASN00040859,20040922,PRCP,0,,,a,
ASN00040859,20040923,PRCP,0,,,a,
ASN00040859,20040924,PRCP,0,,,a,
ASN00040859,20040925,PRCP,0,,,a,
ASN00040859,20040926,PRCP,0,,,a,
ASN00040859,20040927,PRCP,0,,,a,
ASN00040859,20040928,PRCP,0,,,a,
ASN00040859,20040929,PRCP,0,,,a,
ASN00040859,20040930,PRCP,0,,,a,
ASN00040859,20041001,PRCP,80,,,a,
ASN00040859,20041002,PRCP,150,,,a,
ASN00040859,20041003,PRCP,0,,,a,
ASN00040859,20041004,PRCP,0,,,a,
ASN00040859,20041005,PRCP,0,,,a,
ASN00040859,20041006,PRCP,0,,,a,
ASN00040859,20041007,PRCP,0,,,a,
ASN00040859,20041008,PRCP,0,,,a,
ASN00040859,20041009,PRCP,0,,,a,
ASN00040859,20041010,PRCP,0,,,a,
ASN00040859,20041011,PRCP,0,,,a,
ASN00040859,20041012,PRCP,0,,,a,
ASN00040859,20041013,PRCP,0,,,a,
ASN00040859,20041014,PRCP,0,,,a,
ASN00040859,20041015,PRCP,0,,,a,
ASN00040859,20041016,PRCP,0,,,a,
ASN00040859,20041017,PRCP,0,,,a,
ASN00040859,20041018,PRCP,480,,,a,
ASN00040859,20041019,PRCP,110,,,a,
ASN00040859,20041020,PRCP,0,,,a,
ASN00040859,20041021,PRCP,40,,,a,
ASN00040859,20041022,PRCP,20,,,a,
ASN00040859,20041023,PRCP,0,,,a,
ASN00040859,20041024,PRCP,0,,,a,
ASN00040859,20041025,PRCP,0,,,a,
ASN00040859,20041026,PRCP,0,,,a,
ASN00040859,20041027,PRCP,10,,,a,
ASN00040859,20041028,PRCP,0,,,a,
ASN00040859,20041029,PRCP,0,,,a,
ASN00040859,20041030,PRCP,0,,,a,
ASN00040859,20041031,PRCP,0,,,a,
ASN00040859,20041101,PRCP,0,,,a,
ASN00040859,20041102,PRCP,0,,,a,
ASN00040859,20041103,PRCP,0,,,a,
ASN00040859,20041104,PRCP,0,,,a,
ASN00040859,20041105,PRCP,0,,,a,
ASN00040859,20041106,PRCP,180,,,a,
ASN00040859,20041107,PRCP,310,,,a,
ASN00040859,20041108,PRCP,30,,,a,
ASN00040859,20041109,PRCP,530,,,a,
ASN00040859,20041110,PRCP,0,,,a,
ASN00040859,20041111,PRCP,0,,,a,
ASN00040859,20041112,PRCP,0,,,a,
ASN00040859,20041113,PRCP,0,,,a,
ASN00040859,20041114,PRCP,0,,,a,
ASN00040859,20041115,PRCP,0,,,a,
ASN00040859,20041116,PRCP,0,,,a,
ASN00040859,20041117,PRCP,0,,,a,
ASN00040859,20041118,PRCP,0,,,a,
ASN00040859,20041119,PRCP,0,,,a,
ASN00040859,20041120,PRCP,0,,,a,
ASN00040859,20041121,PRCP,30,,,a,
ASN00040859,20041122,PRCP,0,,,a,
ASN00040859,20041123,PRCP,0,,,a,
ASN00040859,20041124,PRCP,0,,,a,
ASN00040859,20041125,PRCP,0,,,a,
ASN00040859,20041126,PRCP,0,,,a,
ASN00040859,20041217,PRCP,0,,,a,
ASN00040859,20041218,PRCP,170,,,a,
ASN00040859,20041219,PRCP,0,,,a,
ASN00040859,20041220,PRCP,0,,,a,
ASN00040859,20041221,PRCP,0,,,a,
ASN00040859,20041222,PRCP,0,,,a,
ASN00040859,20041223,PRCP,0,,,a,
ASN00040859,20041224,PRCP,150,,,a,
ASN00040859,20041225,PRCP,0,,,a,
ASN00040859,20041226,PRCP,240,,,a,
ASN00040859,20041227,PRCP,0,,,a,
ASN00040859,20041228,PRCP,40,,,a,
ASN00040859,20041229,PRCP,0,,,a,
ASN00040859,20041230,PRCP,0,,,a,
ASN00040859,20041231,PRCP,0,,,a,
ASN00040859,20050101,PRCP,0,,,a,
ASN00040859,20050102,PRCP,0,,,a,
ASN00040859,20050103,PRCP,0,,,a,
ASN00040859,20050104,PRCP,0,,,a,
ASN00040859,20050105,PRCP,0,,,a,
ASN00040859,20050106,PRCP,0,,,a,
ASN00040859,20050107,PRCP,350,,,a,
ASN00040859,20050108,PRCP,0,,,a,
ASN00040859,20050109,PRCP,0,,,a,
ASN00040859,20050110,PRCP,0,,,a,
ASN00040859,20050111,PRCP,0,,,a,
ASN00040859,20050112,PRCP,0,,,a,
ASN00040859,20050113,PRCP,0,,,a,
ASN00040859,20050114,PRCP,0,,,a,
ASN00040859,20050115,PRCP,0,,,a,
ASN00040859,20050116,PRCP,0,,,a,
ASN00040859,20050117,PRCP,40,,,a,
ASN00040859,20050118,PRCP,70,,,a,
ASN00040859,20050119,PRCP,0,,,a,
ASN00040859,20050120,PRCP,0,,,a,
ASN00040859,20050121,PRCP,0,,,a,
ASN00040859,20050122,PRCP,20,,,a,
ASN00040859,20050123,PRCP,0,,,a,
ASN00040859,20050124,PRCP,80,,,a,
ASN00040859,20050125,PRCP,10,,,a,
ASN00040859,20050126,PRCP,80,,,a,
ASN00040859,20050127,PRCP,10,,,a,
ASN00040859,20050128,PRCP,20,,,a,
ASN00040859,20050129,PRCP,0,,,a,
ASN00040859,20050130,PRCP,0,,,a,
ASN00040859,20050131,PRCP,0,,,a,
ASN00040859,20050201,PRCP,0,,,a,
ASN00040859,20050202,PRCP,10,,,a,
ASN00040859,20050203,PRCP,20,,,a,
ASN00040859,20050204,PRCP,0,,,a,
ASN00040859,20050205,PRCP,0,,,a,
ASN00040859,20050206,PRCP,0,,,a,
ASN00040859,20050207,PRCP,0,,,a,
ASN00040859,20050208,PRCP,0,,,a,
ASN00040859,20050209,PRCP,0,,,a,
ASN00040859,20050210,PRCP,110,,,a,
ASN00040859,20050211,PRCP,130,,,a,
ASN00040859,20050212,PRCP,0,,,a,
ASN00040859,20050213,PRCP,0,,,a,
ASN00040859,20050214,PRCP,10,,,a,
ASN00040859,20050215,PRCP,0,,,a,
ASN00040859,20050216,PRCP,0,,,a,
ASN00040859,20050217,PRCP,0,,,a,
ASN00040859,20050218,PRCP,0,,,a,
ASN00040859,20050219,PRCP,0,,,a,
ASN00040859,20050220,PRCP,0,,,a,
ASN00040859,20050221,PRCP,0,,,a,
ASN00040859,20050222,PRCP,0,,,a,
ASN00040859,20050223,PRCP,0,,,a,
ASN00040859,20050224,PRCP,0,,,a,
ASN00040859,20050225,PRCP,0,,,a,
ASN00040859,20050226,PRCP,0,,,a,
ASN00040859,20050227,PRCP,0,,,a,
ASN00040859,20050228,PRCP,0,,,a,
ASN00040859,20050301,PRCP,30,,,a,
ASN00040859,20050302,PRCP,0,,,a,
ASN00040859,20050303,PRCP,0,,,a,
ASN00040859,20050304,PRCP,0,,,a,
ASN00040859,20050305,PRCP,0,,,a,
ASN00040859,20050306,PRCP,0,,,a,
ASN00040859,20050307,PRCP,0,,,a,
ASN00040859,20050308,PRCP,0,,,a,
ASN00040859,20050309,PRCP,20,,,a,
ASN00040859,20050310,PRCP,0,,,a,
ASN00040859,20050311,PRCP,20,,,a,
ASN00040859,20050312,PRCP,10,,,a,
ASN00040859,20050313,PRCP,0,,,a,
ASN00040859,20050314,PRCP,0,,,a,
ASN00040859,20050315,PRCP,0,,,a,
ASN00040859,20050316,PRCP,0,,,a,
ASN00040859,20050317,PRCP,0,,,a,
ASN00040859,20050318,PRCP,20,,,a,
ASN00040859,20050319,PRCP,0,,,a,
ASN00040859,20050320,PRCP,0,,,a,
ASN00040859,20050321,PRCP,0,,,a,
ASN00040859,20050322,PRCP,0,,,a,
ASN00040859,20050323,PRCP,20,,,a,
ASN00040859,20050324,PRCP,0,,,a,
ASN00040859,20050325,PRCP,30,,,a,
ASN00040859,20050326,PRCP,0,,,a,
ASN00040859,20050327,PRCP,0,,,a,
ASN00040859,20050328,PRCP,0,,,a,
ASN00040859,20050329,PRCP,0,,,a,
ASN00040859,20050330,PRCP,0,,,a,
ASN00040859,20050331,PRCP,0,,,a,
ASN00040859,20050401,PRCP,0,,,a,
ASN00040859,20050402,PRCP,0,,,a,
ASN00040859,20050403,PRCP,0,,,a,
ASN00040859,20050404,PRCP,0,,,a,
ASN00040859,20050405,PRCP,10,,,a,
ASN00040859,20050406,PRCP,10,,,a,
ASN00040859,20050407,PRCP,20,,,a,
ASN00040859,20050408,PRCP,20,,,a,
ASN00040859,20050409,PRCP,10,,,a,
ASN00040859,20050410,PRCP,0,,,a,
ASN00040859,20050411,PRCP,0,,,a,
ASN00040859,20050412,PRCP,0,,,a,
ASN00040859,20050413,PRCP,0,,,a,
ASN00040859,20050414,PRCP,0,,,a,
ASN00040859,20050415,PRCP,0,,,a,
ASN00040859,20050416,PRCP,0,,,a,
ASN00040859,20050417,PRCP,0,,,a,
ASN00040859,20050418,PRCP,0,,,a,
ASN00040859,20050421,PRCP,0,,,a,
ASN00040859,20050422,PRCP,10,,,a,
ASN00040859,20050423,PRCP,10,,,a,
ASN00040859,20050424,PRCP,0,,,a,
ASN00040859,20050425,PRCP,0,,,a,
ASN00040859,20050426,PRCP,0,,,a,
ASN00040859,20050427,PRCP,0,,,a,
ASN00040859,20050428,PRCP,0,,,a,
ASN00040859,20050429,PRCP,0,,,a,
ASN00040859,20050430,PRCP,0,,,a,
ASN00040859,20050501,PRCP,30,,,a,
ASN00040859,20050502,PRCP,0,,,a,
ASN00040859,20050503,PRCP,0,,,a,
ASN00040859,20050504,PRCP,10,,,a,
ASN00040859,20050510,PRCP,0,,,a,
ASN00040859,20050511,PRCP,40,,,a,
ASN00040859,20050514,PRCP,32,,,a,
ASN00040859,20050515,PRCP,2,,,a,
ASN00040859,20050516,PRCP,0,,,a,
ASN00040859,20050517,PRCP,0,,,a,
ASN00040859,20050518,PRCP,12,,,a,
ASN00040859,20050519,PRCP,0,,,a,
ASN00040859,20050520,PRCP,14,,,a,
ASN00040859,20050521,PRCP,6,,,a,
ASN00040859,20050522,PRCP,0,,,a,
ASN00040859,20050523,PRCP,0,,,a,
ASN00040859,20050524,PRCP,0,,,a,
ASN00040859,20050525,PRCP,0,,,a,
ASN00040859,20050526,PRCP,0,,,a,
ASN00040859,20050527,PRCP,0,,,a,
ASN00040859,20050528,PRCP,0,,,a,
ASN00040859,20050529,PRCP,0,,,a,
ASN00040859,20050530,PRCP,0,,,a,
ASN00040859,20050531,PRCP,0,,,a,
ASN00040859,20050601,PRCP,0,,,a,
ASN00040859,20050602,PRCP,0,,,a,
ASN00040859,20050603,PRCP,0,,,a,
ASN00040859,20050604,PRCP,0,,,a,
ASN00040859,20050605,PRCP,0,,,a,
ASN00040859,20050606,PRCP,0,,,a,
ASN00040859,20050607,PRCP,0,,,a,
ASN00040859,20050608,PRCP,0,,,a,
ASN00040859,20050609,PRCP,0,,,a,
ASN00040859,20050610,PRCP,0,,,a,
ASN00040859,20050613,PRCP,0,,,a,
ASN00040859,20050614,PRCP,0,,,a,
ASN00040859,20050615,PRCP,120,,,a,
ASN00040859,20050616,PRCP,4,,,a,
ASN00040859,20050617,PRCP,0,,,a,
ASN00040859,20050618,PRCP,0,,,a,
ASN00040859,20050619,PRCP,0,,,a,
ASN00040859,20050620,PRCP,66,,,a,
ASN00040859,20050621,PRCP,0,,,a,
ASN00040859,20050624,PRCP,2,,,a,
ASN00040859,20050625,PRCP,0,,,a,
ASN00040859,20050626,PRCP,0,,,a,
ASN00040859,20050627,PRCP,0,,,a,
ASN00040859,20050628,PRCP,6,,,a,
ASN00040859,20050629,PRCP,194,,,a,
ASN00040859,20050630,PRCP,796,,,a,
ASN00040859,20050701,PRCP,338,,,a,
ASN00040859,20050702,PRCP,0,,,a,
ASN00040859,20050703,PRCP,0,,,a,
ASN00040859,20050704,PRCP,0,,,a,
ASN00040859,20050705,PRCP,0,,,a,
ASN00040859,20050706,PRCP,2,,,a,
ASN00040859,20050707,PRCP,0,,,a,
ASN00040859,20050708,PRCP,0,,,a,
ASN00040859,20050709,PRCP,0,,,a,
ASN00040859,20050710,PRCP,0,,,a,
ASN00040859,20050711,PRCP,0,,,a,
ASN00040859,20050712,PRCP,0,,,a,
ASN00040859,20050713,PRCP,0,,,a,
ASN00040859,20050714,PRCP,18,,,a,
ASN00040859,20050715,PRCP,16,,,a,
ASN00040859,20050716,PRCP,0,,,a,
ASN00040859,20050717,PRCP,0,,,a,
ASN00040859,20050718,PRCP,0,,,a,
ASN00040859,20050719,PRCP,0,,,a,
ASN00040859,20050720,PRCP,0,,,a,
ASN00040859,20050721,PRCP,32,,,a,
ASN00040859,20050722,PRCP,18,,,a,
ASN00040859,20050723,PRCP,2,,,a,
ASN00040859,20050724,PRCP,0,,,a,
ASN00040859,20050725,PRCP,0,,,a,
ASN00040859,20050726,PRCP,0,,,a,
ASN00040859,20050727,PRCP,0,,,a,
ASN00040859,20050728,PRCP,0,,,a,
ASN00040859,20050729,PRCP,0,,,a,
ASN00040859,20050730,PRCP,0,,,a,
ASN00040859,20050731,PRCP,0,,,a,
ASN00040859,20050801,PRCP,0,,,a,
ASN00040859,20050802,PRCP,0,,,a,
ASN00040859,20050803,PRCP,0,,,a,
ASN00040859,20050804,PRCP,0,,,a,
ASN00040859,20050805,PRCP,40,,,a,
ASN00040859,20050806,PRCP,2,,,a,
ASN00040859,20050807,PRCP,0,,,a,
ASN00040859,20050808,PRCP,0,,,a,
ASN00040859,20050809,PRCP,0,,,a,
ASN00040859,20050810,PRCP,0,,,a,
ASN00040859,20050811,PRCP,0,,,a,
ASN00040859,20050812,PRCP,0,,,a,
ASN00040859,20050813,PRCP,0,,,a,
ASN00040859,20050814,PRCP,0,,,a,
ASN00040859,20050815,PRCP,0,,,a,
ASN00040859,20050816,PRCP,0,,,a,
ASN00040859,20050817,PRCP,0,,,a,
ASN00040859,20050818,PRCP,0,,,a,
ASN00040859,20050819,PRCP,0,,,a,
ASN00040859,20050820,PRCP,0,,,a,
ASN00040859,20050821,PRCP,0,,,a,
ASN00040859,20050822,PRCP,0,,,a,
ASN00040859,20050823,PRCP,0,,,a,
ASN00040859,20050824,PRCP,0,,,a,
ASN00040859,20050825,PRCP,0,,,a,
ASN00040859,20050826,PRCP,0,,,a,
ASN00040859,20050827,PRCP,0,,,a,
ASN00040859,20050828,PRCP,0,,,a,
ASN00040859,20050829,PRCP,10,,,a,
ASN00040859,20050830,PRCP,0,,,a,
ASN00040859,20050831,PRCP,38,,,a,
ASN00040859,20050901,PRCP,0,,,a,
ASN00040859,20050902,PRCP,0,,,a,
ASN00040859,20050903,PRCP,6,,,a,
ASN00040859,20050904,PRCP,0,,,a,
ASN00040859,20050905,PRCP,54,,,a,
ASN00040859,20050906,PRCP,0,,,a,
ASN00040859,20050907,PRCP,0,,,a,
ASN00040859,20050908,PRCP,0,,,a,
ASN00040859,20050909,PRCP,0,,,a,
ASN00040859,20050910,PRCP,0,,,a,
ASN00040859,20050911,PRCP,0,,,a,
ASN00040859,20050912,PRCP,10,,,a,
ASN00040859,20050913,PRCP,0,,,a,
ASN00040859,20050914,PRCP,0,,,a,
ASN00040859,20050915,PRCP,0,,,a,
ASN00040859,20050916,PRCP,0,,,a,
ASN00040859,20050917,PRCP,172,,,a,
ASN00040859,20050918,PRCP,0,,,a,
ASN00040859,20050919,PRCP,0,,,a,
ASN00040859,20050920,PRCP,0,,,a,
ASN00040859,20050921,PRCP,0,,,a,
ASN00040859,20050922,PRCP,0,,,a,
ASN00040859,20050923,PRCP,0,,,a,
ASN00040859,20050924,PRCP,0,,,a,
ASN00040859,20050925,PRCP,0,,,a,
ASN00040859,20050926,PRCP,0,,,a,
ASN00040859,20050927,PRCP,100,,,a,
ASN00040859,20050928,PRCP,200,,,a,
ASN00040859,20050929,PRCP,0,,,a,
ASN00040859,20050930,PRCP,0,,,a,
ASN00040859,20051001,PRCP,26,,,a,
ASN00040859,20051002,PRCP,0,,,a,
ASN00040859,20051003,PRCP,0,,,a,
ASN00040859,20051004,PRCP,0,,,a,
ASN00040859,20051005,PRCP,0,,,a,
ASN00040859,20051006,PRCP,0,,,a,
ASN00040859,20051007,PRCP,0,,,a,
ASN00040859,20051008,PRCP,0,,,a,
ASN00040859,20051009,PRCP,0,,,a,
ASN00040859,20051010,PRCP,0,,,a,
ASN00040859,20051011,PRCP,0,,,a,
ASN00040859,20051012,PRCP,0,,,a,
ASN00040859,20051013,PRCP,0,,,a,
ASN00040859,20051014,PRCP,12,,,a,
ASN00040859,20051015,PRCP,6,,,a,
ASN00040859,20051016,PRCP,120,,,a,
ASN00040859,20051017,PRCP,82,,,a,
ASN00040859,20051018,PRCP,8,,,a,
ASN00040859,20051019,PRCP,0,,,a,
ASN00040859,20051020,PRCP,0,,,a,
ASN00040859,20051021,PRCP,36,,,a,
ASN00040859,20051022,PRCP,244,,,a,
ASN00040859,20051023,PRCP,0,,,a,
ASN00040859,20051024,PRCP,0,,,a,
ASN00040859,20051025,PRCP,246,,,a,
ASN00040859,20051026,PRCP,274,,,a,
ASN00040859,20051027,PRCP,2,,,a,
ASN00040859,20051028,PRCP,86,,,a,
ASN00040859,20051029,PRCP,60,,,a,
ASN00040859,20051030,PRCP,0,,,a,
ASN00040859,20051031,PRCP,0,,,a,
ASN00040859,20051101,PRCP,0,,,a,
ASN00040859,20051102,PRCP,0,,,a,
ASN00040859,20051103,PRCP,8,,,a,
ASN00040859,20051104,PRCP,0,,,a,
ASN00040859,20051105,PRCP,0,,,a,
ASN00040859,20051106,PRCP,300,,,a,
ASN00040859,20051107,PRCP,0,,,a,
ASN00040859,20051108,PRCP,0,,,a,
ASN00040859,20051109,PRCP,0,,,a,
ASN00040859,20051110,PRCP,0,,,a,
ASN00040859,20051111,PRCP,8,,,a,
ASN00040859,20051112,PRCP,0,,,a,
ASN00040859,20051113,PRCP,0,,,a,
ASN00040859,20051114,PRCP,0,,,a,
ASN00040859,20051115,PRCP,0,,,a,
ASN00040859,20051116,PRCP,20,,,a,
ASN00040859,20051117,PRCP,0,,,a,
ASN00040859,20051118,PRCP,0,,,a,
ASN00040859,20051119,PRCP,0,,,a,
ASN00040859,20051120,PRCP,0,,,a,
ASN00040859,20051121,PRCP,100,,,a,
ASN00040859,20051122,PRCP,4,,,a,
ASN00040859,20051123,PRCP,74,,,a,
ASN00040859,20051124,PRCP,286,,,a,
ASN00040859,20051125,PRCP,0,,,a,
ASN00040859,20051126,PRCP,424,,,a,
ASN00040859,20051127,PRCP,16,,,a,
ASN00040859,20051128,PRCP,6,,,a,
ASN00040859,20051129,PRCP,0,,,a,
ASN00040859,20051130,PRCP,234,,,a,
ASN00040859,20051201,PRCP,0,,,a,
ASN00040859,20051202,PRCP,48,,,a,
ASN00040859,20051203,PRCP,62,,,a,
ASN00040859,20051204,PRCP,0,,,a,
ASN00040859,20051205,PRCP,0,,,a,
ASN00040859,20051206,PRCP,0,,,a,
ASN00040859,20051207,PRCP,0,,,a,
ASN00040859,20051208,PRCP,0,,,a,
ASN00040859,20051209,PRCP,108,,,a,
ASN00040859,20051210,PRCP,0,,,a,
ASN00040859,20051211,PRCP,0,,,a,
ASN00040859,20051212,PRCP,0,,,a,
ASN00040859,20051213,PRCP,0,,,a,
ASN00040859,20051217,PRCP,384,,,a,
ASN00040859,20051218,PRCP,0,,,a,
ASN00040859,20051219,PRCP,0,,,a,
ASN00040859,20051220,PRCP,0,,,a,
ASN00040859,20051221,PRCP,0,,,a,
ASN00040859,20051222,PRCP,0,,,a,
ASN00040859,20051223,PRCP,0,,,a,
ASN00040859,20051224,PRCP,0,,,a,
ASN00040859,20051225,PRCP,0,,,a,
ASN00040859,20051226,PRCP,138,,,a,
ASN00040859,20051227,PRCP,0,,,a,
ASN00040859,20051228,PRCP,298,,,a,
ASN00040859,20051229,PRCP,192,,,a,
ASN00040859,20051230,PRCP,0,,,a,
ASN00040859,20051231,PRCP,0,,,a,
ASN00040859,20060101,PRCP,0,,,a,
ASN00040859,20060102,PRCP,0,,,a,
ASN00040859,20060103,PRCP,0,,,a,
ASN00040859,20060104,PRCP,160,,,a,
ASN00040859,20060105,PRCP,70,,,a,
ASN00040859,20060106,PRCP,316,,,a,
ASN00040859,20060107,PRCP,460,,,a,
ASN00040859,20060108,PRCP,52,,,a,
ASN00040859,20060109,PRCP,350,,,a,
ASN00040859,20060110,PRCP,142,,,a,
ASN00040859,20060111,PRCP,94,,,a,
ASN00040859,20060112,PRCP,0,,,a,
ASN00040859,20060113,PRCP,0,,,a,
ASN00040859,20060114,PRCP,10,,,a,
ASN00040859,20060115,PRCP,0,,,a,
ASN00040859,20060116,PRCP,0,,,a,
ASN00040859,20060117,PRCP,0,,,a,
ASN00040859,20060118,PRCP,0,,,a,
ASN00040859,20060119,PRCP,164,,,a,
ASN00040859,20060120,PRCP,32,,,a,
ASN00040859,20060121,PRCP,20,,,a,
ASN00040859,20060122,PRCP,2,,,a,
ASN00040859,20060123,PRCP,0,,,a,
ASN00040859,20060124,PRCP,0,,,a,
ASN00040859,20060125,PRCP,2,,,a,
ASN00040859,20060126,PRCP,0,,,a,
ASN00040859,20060127,PRCP,0,,,a,
ASN00040859,20060128,PRCP,0,,,a,
ASN00040859,20060129,PRCP,4,,,a,
ASN00040859,20060130,PRCP,0,,,a,
ASN00040859,20060131,PRCP,0,,,a,
ASN00040859,20060201,PRCP,0,,,a,
ASN00040859,20060202,PRCP,0,,,a,
ASN00040859,20060203,PRCP,0,,,a,
ASN00040859,20060204,PRCP,0,,,a,
ASN00040859,20060205,PRCP,6,,,a,
ASN00040859,20060206,PRCP,4,,,a,
ASN00040859,20060207,PRCP,2,,,a,
ASN00040859,20060208,PRCP,80,,,a,
ASN00040859,20060209,PRCP,0,,,a,
ASN00040859,20060210,PRCP,0,,,a,
ASN00040859,20060211,PRCP,0,,,a,
ASN00040859,20060212,PRCP,206,,,a,
ASN00040859,20060213,PRCP,98,,,a,
ASN00040859,20060214,PRCP,0,,,a,
ASN00040859,20060215,PRCP,0,,,a,
ASN00040859,20060216,PRCP,102,,,a,
ASN00040859,20060217,PRCP,136,,,a,
ASN00040859,20060218,PRCP,112,,,a,
ASN00040859,20060219,PRCP,0,,,a,
ASN00040859,20060220,PRCP,0,,,a,
ASN00040859,20060221,PRCP,0,,,a,
ASN00040859,20060222,PRCP,22,,,a,
ASN00040859,20060223,PRCP,0,,,a,
ASN00040859,20060224,PRCP,0,,,a,
ASN00040859,20060225,PRCP,0,,,a,
ASN00040859,20060226,PRCP,0,,,a,
ASN00040859,20060227,PRCP,0,,,a,
ASN00040859,20060228,PRCP,0,,,a,
ASN00040859,20060301,PRCP,0,,,a,
ASN00040859,20060302,PRCP,0,,,a,
ASN00040859,20060303,PRCP,0,,,a,
ASN00040859,20060304,PRCP,0,,,a,
ASN00040859,20060305,PRCP,0,,,a,
ASN00040859,20060306,PRCP,0,,,a,
ASN00040859,20060307,PRCP,0,,,a,
ASN00040859,20060308,PRCP,450,,,a,
ASN00040859,20060309,PRCP,2,,,a,
ASN00040859,20060310,PRCP,0,,,a,
ASN00040859,20060311,PRCP,0,,,a,
ASN00040859,20060312,PRCP,0,,,a,
ASN00040859,20060313,PRCP,0,,,a,
ASN00040859,20060314,PRCP,0,,,a,
ASN00040859,20060315,PRCP,0,,,a,
ASN00040859,20060319,PRCP,0,,,a,
ASN00040859,20060320,PRCP,0,,,a,
ASN00040859,20060321,PRCP,0,,,a,
ASN00040859,20060322,PRCP,14,,,a,
ASN00040859,20060323,PRCP,46,,,a,
ASN00040859,20060324,PRCP,100,,,a,
ASN00040859,20060325,PRCP,174,,,a,
ASN00040859,20060326,PRCP,34,,,a,
ASN00040859,20060327,PRCP,0,,,a,
ASN00040859,20060328,PRCP,0,,,a,
ASN00040859,20060329,PRCP,0,,,a,
ASN00040859,20060330,PRCP,0,,,a,
ASN00040859,20060331,PRCP,116,,,a,
ASN00040859,20060401,PRCP,158,,,a,
ASN00040859,20060402,PRCP,0,,,a,
ASN00040859,20060403,PRCP,0,,,a,
ASN00040859,20060404,PRCP,0,,,a,
ASN00040859,20060628,PRCP,0,,,a,
ASN00040859,20060629,PRCP,0,,,a,
ASN00040859,20060630,PRCP,0,,,a,
ASN00040859,20060701,PRCP,0,,,a,
ASN00040859,20060702,PRCP,0,,,a,
ASN00040859,20060703,PRCP,0,,,a,
ASN00040859,20060704,PRCP,0,,,a,
ASN00040859,20060705,PRCP,2,,,a,
ASN00040859,20060706,PRCP,2,,,a,
ASN00040859,20060707,PRCP,0,,,a,
ASN00040859,20060708,PRCP,0,,,a,
ASN00040859,20060711,PRCP,0,,,a,
ASN00040859,20060712,PRCP,0,,,a,
ASN00040859,20060713,PRCP,0,,,a,
ASN00040859,20060714,PRCP,0,,,a,
ASN00040859,20060715,PRCP,0,,,a,
ASN00040859,20060716,PRCP,412,,,a,
ASN00040859,20060717,PRCP,0,,,a,
ASN00040859,20060718,PRCP,0,,,a,
ASN00040859,20060719,PRCP,0,,,a,
ASN00040859,20060720,PRCP,0,,,a,
ASN00040859,20060721,PRCP,0,,,a,
ASN00040859,20060722,PRCP,2,,,a,
ASN00040859,20060723,PRCP,8,,,a,
ASN00040859,20060724,PRCP,12,,,a,
ASN00040859,20060725,PRCP,244,,,a,
ASN00040859,20060726,PRCP,0,,,a,
ASN00040859,20060727,PRCP,2,,,a,
ASN00040859,20060728,PRCP,36,,,a,
ASN00040859,20060729,PRCP,62,,,a,
ASN00040859,20060730,PRCP,0,,,a,
ASN00040859,20060731,PRCP,0,,,a,
ASN00040859,20060801,PRCP,0,,,a,
ASN00040859,20060802,PRCP,0,,,a,
ASN00040859,20060803,PRCP,0,,,a,
ASN00040859,20060804,PRCP,0,,,a,
ASN00040859,20060805,PRCP,0,,,a,
ASN00040859,20060806,PRCP,2,,,a,
ASN00040859,20060807,PRCP,0,,,a,
ASN00040859,20060808,PRCP,0,,,a,
ASN00040859,20060809,PRCP,0,,,a,
ASN00040859,20060810,PRCP,0,,,a,
ASN00040859,20060811,PRCP,0,,,a,
ASN00040859,20060812,PRCP,0,,,a,
ASN00040859,20060813,PRCP,0,,,a,
ASN00040859,20060814,PRCP,0,,,a,
ASN00040859,20060815,PRCP,0,,,a,
ASN00040859,20060822,PRCP,0,,,a,
ASN00040859,20060823,PRCP,0,,,a,
ASN00040859,20060824,PRCP,0,,,a,
ASN00040859,20060825,PRCP,0,,,a,
ASN00040859,20060829,PRCP,90,,,a,
ASN00040859,20060830,PRCP,30,,,a,
ASN00040859,20060831,PRCP,70,,,a,
ASN00040859,20060901,PRCP,18,,,a,
ASN00040859,20060902,PRCP,6,,,a,
ASN00040859,20060903,PRCP,4,,,a,
ASN00040859,20060904,PRCP,4,,,a,
ASN00040859,20060905,PRCP,2,,,a,
ASN00040859,20060906,PRCP,0,,,a,
ASN00040859,20060907,PRCP,0,,,a,
ASN00040859,20060908,PRCP,0,,,a,
ASN00040859,20060909,PRCP,0,,,a,
ASN00040859,20060910,PRCP,0,,,a,
ASN00040859,20060911,PRCP,160,,,a,
ASN00040859,20060912,PRCP,104,,,a,
ASN00040859,20060913,PRCP,60,,,a,
ASN00040859,20060914,PRCP,2,,,a,
ASN00040859,20060915,PRCP,0,,,a,
ASN00040859,20060916,PRCP,20,,,a,
ASN00040859,20060917,PRCP,2,,,a,
ASN00040859,20060918,PRCP,0,,,a,
ASN00040859,20060919,PRCP,0,,,a,
ASN00040859,20060920,PRCP,0,,,a,
ASN00040859,20060921,PRCP,0,,,a,
ASN00040859,20060922,PRCP,0,,,a,
ASN00040859,20060923,PRCP,0,,,a,
ASN00040859,20060925,PRCP,0,,,a,
ASN00040859,20060926,PRCP,0,,,a,
ASN00040859,20060927,PRCP,0,,,a,
ASN00040859,20060928,PRCP,102,,,a,
ASN00040859,20060929,PRCP,2,,,a,
ASN00040859,20060930,PRCP,0,,,a,
ASN00040859,20061001,PRCP,0,,,a,
ASN00040859,20061002,PRCP,0,,,a,
ASN00040859,20061003,PRCP,0,,,a,
ASN00040859,20061004,PRCP,0,,,a,
ASN00040859,20061005,PRCP,0,,,a,
ASN00040859,20061006,PRCP,0,,,a,
ASN00040859,20061007,PRCP,0,,,a,
ASN00040859,20061008,PRCP,0,,,a,
ASN00040859,20061009,PRCP,6,,,a,
ASN00040859,20061010,PRCP,0,,,a,
ASN00040859,20061011,PRCP,0,,,a,
ASN00040859,20061012,PRCP,0,,,a,
ASN00040859,20061013,PRCP,0,,,a,
ASN00040859,20061014,PRCP,0,,,a,
ASN00040859,20061015,PRCP,0,,,a,
ASN00040859,20061016,PRCP,0,,,a,
ASN00040859,20061017,PRCP,0,,,a,
ASN00040859,20061018,PRCP,0,,,a,
ASN00040859,20061019,PRCP,0,,,a,
ASN00040859,20061020,PRCP,82,,,a,
ASN00040859,20061021,PRCP,0,,,a,
ASN00040859,20061022,PRCP,0,,,a,
ASN00040859,20061023,PRCP,4,,,a,
ASN00040859,20061024,PRCP,0,,,a,
ASN00040859,20061025,PRCP,0,,,a,
ASN00040859,20061026,PRCP,0,,,a,
ASN00040859,20061027,PRCP,0,,,a,
ASN00040859,20061028,PRCP,0,,,a,
ASN00040859,20061029,PRCP,0,,,a,
ASN00040859,20061030,PRCP,0,,,a,
ASN00040859,20061031,PRCP,0,,,a,
ASN00040859,20061101,PRCP,0,,,a,
ASN00040859,20061102,PRCP,182,,,a,
ASN00040859,20061103,PRCP,26,,,a,
ASN00040859,20061104,PRCP,316,,,a,
ASN00040859,20061105,PRCP,246,,,a,
ASN00040859,20061106,PRCP,48,,,a,
ASN00040859,20061107,PRCP,0,,,a,
ASN00040859,20061108,PRCP,2,,,a,
ASN00040859,20061109,PRCP,110,,,a,
ASN00040859,20061110,PRCP,38,,,a,
ASN00040859,20061111,PRCP,4,,,a,
ASN00040859,20061112,PRCP,0,,,a,
ASN00040859,20061113,PRCP,0,,,a,
ASN00040859,20061114,PRCP,16,,,a,
ASN00040859,20061115,PRCP,0,,,a,
ASN00040859,20061116,PRCP,0,,,a,
ASN00040859,20061117,PRCP,0,,,a,
ASN00040859,20061118,PRCP,0,,,a,
ASN00040859,20061119,PRCP,0,,,a,
ASN00040859,20061120,PRCP,0,,,a,
ASN00040859,20061121,PRCP,0,,,a,
ASN00040859,20061122,PRCP,0,,,a,
ASN00040859,20061123,PRCP,0,,,a,
ASN00040859,20061124,PRCP,0,,,a,
ASN00040859,20061125,PRCP,0,,,a,
ASN00040859,20061126,PRCP,0,,,a,
ASN00040859,20061127,PRCP,0,,,a,
ASN00040859,20061128,PRCP,50,,,a,
ASN00040859,20061129,PRCP,0,,,a,
ASN00040859,20061130,PRCP,0,,,a,
ASN00040859,20061201,PRCP,0,,,a,
ASN00040859,20061202,PRCP,0,,,a,
ASN00040859,20061203,PRCP,14,,,a,
ASN00040859,20061204,PRCP,234,,,a,
ASN00040859,20061205,PRCP,0,,,a,
ASN00040859,20061206,PRCP,0,,,a,
ASN00040859,20061207,PRCP,0,,,a,
ASN00040859,20061208,PRCP,0,,,a,
ASN00040859,20061209,PRCP,0,,,a,
ASN00040859,20061210,PRCP,0,,,a,
ASN00040859,20061211,PRCP,0,,,a,
ASN00040859,20061212,PRCP,0,,,a,
ASN00040859,20061213,PRCP,28,,,a,
ASN00040859,20061214,PRCP,0,,,a,
ASN00040859,20061215,PRCP,0,,,a,
ASN00040859,20061216,PRCP,14,,,a,
ASN00040859,20061217,PRCP,32,,,a,
ASN00040859,20061218,PRCP,0,,,a,
ASN00040859,20061219,PRCP,0,,,a,
ASN00040859,20061220,PRCP,0,,,a,
ASN00040859,20061221,PRCP,0,,,a,
ASN00040859,20061222,PRCP,0,,,a,
ASN00040859,20061223,PRCP,2,,,a,
ASN00040859,20061224,PRCP,0,,,a,
ASN00040859,20061225,PRCP,0,,,a,
ASN00040859,20061226,PRCP,18,,,a,
ASN00040859,20061227,PRCP,34,,,a,
ASN00040859,20061228,PRCP,0,,,a,
ASN00040859,20061229,PRCP,0,,,a,
ASN00040859,20061230,PRCP,0,,,a,
ASN00040859,20061231,PRCP,0,,,a,
ASN00040859,20070101,PRCP,0,,,a,
ASN00040859,20070102,PRCP,2,,,a,
ASN00040859,20070103,PRCP,66,,,a,
ASN00040859,20070104,PRCP,8,,,a,
ASN00040859,20070105,PRCP,6,,,a,
ASN00040859,20070106,PRCP,6,,,a,
ASN00040859,20070110,PRCP,2,,,a,
ASN00040859,20070111,PRCP,0,,,a,
ASN00040859,20070321,PRCP,0,,,a,
ASN00040859,20070322,PRCP,0,,,a,
ASN00040859,20070323,PRCP,0,,,a,
ASN00040859,20070324,PRCP,0,,,a,
ASN00040859,20070325,PRCP,0,,,a,
ASN00040859,20070327,PRCP,2,,,a,
ASN00040859,20070328,PRCP,0,,,a,
ASN00040859,20070329,PRCP,0,,,a,
ASN00040859,20070330,PRCP,0,,,a,
ASN00040859,20070331,PRCP,0,,,a,
ASN00040859,20070401,PRCP,0,,,a,
ASN00040859,20070402,PRCP,0,,,a,
ASN00040859,20070403,PRCP,0,,,a,
ASN00040859,20070404,PRCP,0,,,a,
ASN00040859,20070405,PRCP,0,,,a,
ASN00040859,20070406,PRCP,0,,,a,
ASN00040859,20070407,PRCP,0,,,a,
ASN00040859,20070408,PRCP,0,,,a,
ASN00040859,20070409,PRCP,4,,,a,
ASN00040859,20070410,PRCP,0,,,a,
ASN00040859,20070411,PRCP,0,,,a,
ASN00040859,20070412,PRCP,0,,,a,
ASN00040859,20070413,PRCP,0,,,a,
ASN00040859,20070414,PRCP,0,,,a,
ASN00040859,20070415,PRCP,0,,,a,
ASN00040859,20070416,PRCP,0,,,a,
ASN00040859,20070417,PRCP,18,,,a,
ASN00040859,20070418,PRCP,0,,,a,
ASN00040859,20070419,PRCP,0,,,a,
ASN00040859,20070420,PRCP,0,,,a,
ASN00040859,20070421,PRCP,112,,,a,
ASN00040859,20070422,PRCP,0,,,a,
ASN00040859,20070423,PRCP,50,,,a,
ASN00040859,20070424,PRCP,2,,,a,
ASN00040859,20070425,PRCP,0,,,a,
ASN00040859,20070426,PRCP,286,,,a,
ASN00040859,20070427,PRCP,14,,,a,
ASN00040859,20070428,PRCP,0,,,a,
ASN00040859,20070429,PRCP,8,,,a,
ASN00040859,20070430,PRCP,0,,,a,
ASN00040859,20070501,PRCP,0,,,a,
ASN00040859,20070502,PRCP,0,,,a,
ASN00040859,20070503,PRCP,0,,,a,
ASN00040859,20070504,PRCP,0,,,a,
ASN00040859,20070505,PRCP,0,,,a,
ASN00040859,20070506,PRCP,0,,,a,
ASN00040859,20070507,PRCP,0,,,a,
ASN00040859,20070508,PRCP,2,,,a,
ASN00040859,20070509,PRCP,4,,,a,
ASN00040859,20070510,PRCP,0,,,a,
ASN00040859,20070511,PRCP,8,,,a,
ASN00040859,20070512,PRCP,22,,,a,
ASN00040859,20070513,PRCP,0,,,a,
ASN00040859,20070514,PRCP,0,,,a,
ASN00040859,20070515,PRCP,0,,,a,
ASN00040859,20070516,PRCP,0,,,a,
ASN00040859,20070517,PRCP,0,,,a,
ASN00040859,20070518,PRCP,8,,,a,
ASN00040859,20070519,PRCP,2,,,a,
ASN00040859,20070520,PRCP,0,,,a,
ASN00040859,20070521,PRCP,0,,,a,
ASN00040859,20070522,PRCP,0,,,a,
ASN00040859,20070523,PRCP,0,,,a,
ASN00040859,20070524,PRCP,0,,,a,
ASN00040859,20070525,PRCP,0,,,a,
ASN00040859,20070526,PRCP,0,,,a,
ASN00040859,20070527,PRCP,0,,,a,
ASN00040859,20070528,PRCP,0,,,a,
ASN00040859,20070529,PRCP,0,,,a,
ASN00040859,20070530,PRCP,10,,,a,
ASN00040859,20070531,PRCP,0,,,a,
ASN00040859,20070601,PRCP,0,,,a,
ASN00040859,20070602,PRCP,0,,,a,
ASN00040859,20070603,PRCP,0,,,a,
ASN00040859,20070604,PRCP,0,,,a,
ASN00040859,20070605,PRCP,46,,,a,
ASN00040859,20070606,PRCP,116,,,a,
ASN00040859,20070607,PRCP,88,,,a,
ASN00040859,20070608,PRCP,86,,,a,
ASN00040859,20070609,PRCP,2,,,a,
ASN00040859,20070610,PRCP,0,,,a,
ASN00040859,20070611,PRCP,0,,,a,
ASN00040859,20070612,PRCP,0,,,a,
ASN00040859,20070613,PRCP,0,,,a,
ASN00040859,20070614,PRCP,0,,,a,
ASN00040859,20070615,PRCP,0,,,a,
ASN00040859,20070616,PRCP,0,,,a,
ASN00040859,20070617,PRCP,0,,,a,
ASN00040859,20070618,PRCP,0,,,a,
ASN00040859,20070619,PRCP,0,,,a,
ASN00040859,20070620,PRCP,0,,,a,
ASN00040859,20070621,PRCP,0,,,a,
ASN00040859,20070622,PRCP,0,,,a,
ASN00040859,20070623,PRCP,6,,,a,
ASN00040859,20070624,PRCP,58,,,a,
ASN00040859,20070625,PRCP,12,,,a,
ASN00040859,20070626,PRCP,154,,,a,
ASN00040859,20070627,PRCP,94,,,a,
ASN00040859,20070628,PRCP,0,,,a,
ASN00040859,20070629,PRCP,0,,,a,
ASN00040859,20070630,PRCP,0,,,a,
ASN00040859,20070701,PRCP,0,,,a,
ASN00040859,20070702,PRCP,0,,,a,
ASN00040859,20070703,PRCP,0,,,a,
ASN00040859,20070704,PRCP,0,,,a,
ASN00040859,20070705,PRCP,0,,,a,
ASN00040859,20070706,PRCP,0,,,a,
ASN00040859,20070709,PRCP,0,,,a,
ASN00040859,20070711,PRCP,0,,,a,
ASN00040859,20070712,PRCP,0,,,a,
ASN00040859,20070713,PRCP,0,,,a,
ASN00040859,20070714,PRCP,0,,,a,
ASN00040859,20070715,PRCP,0,,,a,
ASN00040859,20070716,PRCP,0,,,a,
ASN00040859,20070717,PRCP,0,,,a,
ASN00040859,20070718,PRCP,0,,,a,
ASN00040859,20070719,PRCP,0,,,a,
ASN00040859,20070720,PRCP,0,,,a,
ASN00040859,20070721,PRCP,0,,,a,
ASN00040859,20070722,PRCP,2,,,a,
ASN00040859,20070723,PRCP,0,,,a,
ASN00040859,20070724,PRCP,8,,,a,
ASN00040859,20070725,PRCP,4,,,a,
ASN00040859,20070726,PRCP,0,,,a,
ASN00040859,20070727,PRCP,0,,,a,
ASN00040859,20070728,PRCP,0,,,a,
ASN00040859,20070730,PRCP,0,,,a,
ASN00040859,20070731,PRCP,0,,,a,
ASN00040859,20070801,PRCP,0,,,a,
ASN00040859,20070802,PRCP,0,,,a,
ASN00040859,20070803,PRCP,0,,,a,
ASN00040859,20070804,PRCP,0,,,a,
ASN00040859,20070805,PRCP,0,,,a,
ASN00040859,20070807,PRCP,0,,,a,
ASN00040859,20070808,PRCP,0,,,a,
ASN00040859,20070809,PRCP,0,,,a,
ASN00040859,20070810,PRCP,0,,,a,
ASN00040859,20070811,PRCP,0,,,a,
ASN00040859,20070812,PRCP,0,,,a,
ASN00040859,20070813,PRCP,0,,,a,
ASN00040859,20070814,PRCP,0,,,a,
ASN00040859,20070815,PRCP,0,,,a,
ASN00040859,20070816,PRCP,10,,,a,
ASN00040859,20070817,PRCP,2,,,a,
ASN00040859,20070818,PRCP,0,,,a,
ASN00040859,20070819,PRCP,42,,,a,
ASN00040859,20070820,PRCP,284,,,a,
ASN00040859,20070821,PRCP,102,,,a,
ASN00040859,20070822,PRCP,226,,,a,
ASN00040859,20070823,PRCP,10,,,a,
ASN00040859,20070824,PRCP,128,,,a,
ASN00040859,20070825,PRCP,12,,,a,
ASN00040859,20070826,PRCP,6,,,a,
ASN00040859,20070827,PRCP,0,,,a,
ASN00040859,20070828,PRCP,0,,,a,
ASN00040859,20070829,PRCP,0,,,a,
ASN00040859,20070830,PRCP,0,,,a,
ASN00040859,20070831,PRCP,0,,,a,
ASN00040859,20070901,PRCP,0,,,a,
ASN00040859,20070902,PRCP,0,,,a,
ASN00040859,20070903,PRCP,0,,,a,
ASN00040859,20070904,PRCP,0,,,a,
ASN00040859,20070905,PRCP,84,,,a,
ASN00040859,20070906,PRCP,76,,,a,
ASN00040859,20070907,PRCP,78,,,a,
ASN00040859,20070908,PRCP,0,,,a,
ASN00040859,20070909,PRCP,0,,,a,
ASN00040859,20070910,PRCP,0,,,a,
ASN00040859,20070911,PRCP,0,,,a,
ASN00040859,20070912,PRCP,0,,,a,
ASN00040859,20070913,PRCP,0,,,a,
ASN00040859,20070914,PRCP,0,,,a,
ASN00040859,20070915,PRCP,0,,,a,
ASN00040859,20070916,PRCP,0,,,a,
ASN00040859,20070917,PRCP,0,,,a,
ASN00040859,20070919,PRCP,0,,,a,
ASN00040859,20070920,PRCP,0,,,a,
ASN00040859,20070921,PRCP,0,,,a,
ASN00040859,20070922,PRCP,0,,,a,
ASN00040859,20070923,PRCP,284,,,a,
ASN00040859,20070924,PRCP,0,,,a,
ASN00040859,20070925,PRCP,0,,,a,
ASN00040859,20070926,PRCP,0,,,a,
ASN00040859,20070927,PRCP,14,,,a,
ASN00040859,20070928,PRCP,2,,,a,
ASN00040859,20070929,PRCP,0,,,a,
ASN00040859,20070930,PRCP,0,,,a,
ASN00040859,20071001,PRCP,0,,,a,
ASN00040859,20071002,PRCP,0,,,a,
ASN00040859,20071003,PRCP,0,,,a,
ASN00040859,20071004,PRCP,0,,,a,
ASN00040859,20071005,PRCP,0,,,a,
ASN00040859,20071006,PRCP,0,,,a,
ASN00040859,20071007,PRCP,0,,,a,
ASN00040859,20071008,PRCP,14,,,a,
ASN00040859,20071009,PRCP,48,,,a,
ASN00040859,20071010,PRCP,6,,,a,
ASN00040859,20071011,PRCP,260,,,a,
ASN00040859,20071012,PRCP,32,,,a,
ASN00040859,20071013,PRCP,30,,,a,
ASN00040859,20071015,PRCP,0,,,a,
ASN00040859,20071016,PRCP,0,,,a,
ASN00040859,20071017,PRCP,0,,,a,
ASN00040859,20071018,PRCP,2,,,a,
ASN00040859,20071019,PRCP,0,,,a,
ASN00040859,20071020,PRCP,0,,,a,
ASN00040859,20071021,PRCP,0,,,a,
ASN00040859,20071022,PRCP,0,,,a,
ASN00040859,20071023,PRCP,0,,,a,
ASN00040859,20071024,PRCP,0,,,a,
ASN00040859,20071025,PRCP,0,,,a,
ASN00040859,20071026,PRCP,376,,,a,
ASN00040859,20071028,PRCP,0,,,a,
ASN00040859,20071029,PRCP,348,,,a,
ASN00040859,20071030,PRCP,0,,,a,
ASN00040859,20071031,PRCP,0,,,a,
ASN00040859,20071101,PRCP,340,,,a,
ASN00040859,20071102,PRCP,12,,,a,
ASN00040859,20071103,PRCP,16,,,a,
ASN00040859,20071104,PRCP,62,,,a,
ASN00040859,20071105,PRCP,0,,,a,
ASN00040859,20071106,PRCP,10,,,a,
ASN00040859,20071107,PRCP,66,,,a,
ASN00040859,20071108,PRCP,112,,,a,
ASN00040859,20071109,PRCP,0,,,a,
ASN00040859,20071110,PRCP,10,,,a,
ASN00040859,20071111,PRCP,8,,,a,
ASN00040859,20071112,PRCP,0,,,a,
ASN00040859,20071113,PRCP,0,,,a,
ASN00040859,20071114,PRCP,0,,,a,
ASN00040859,20071115,PRCP,0,,,a,
ASN00040859,20071116,PRCP,0,,,a,
ASN00040859,20071117,PRCP,564,,,a,
ASN00040859,20071118,PRCP,34,,,a,
ASN00040859,20071119,PRCP,0,,,a,
ASN00040859,20071120,PRCP,0,,,a,
ASN00040859,20071121,PRCP,0,,,a,
ASN00040859,20071122,PRCP,0,,,a,
ASN00040859,20071123,PRCP,66,,,a,
ASN00040859,20071124,PRCP,28,,,a,
ASN00040859,20071125,PRCP,292,,,a,
ASN00040859,20071126,PRCP,0,,,a,
ASN00040859,20071127,PRCP,12,,,a,
ASN00040859,20071128,PRCP,0,,,a,
ASN00040859,20071129,PRCP,26,,,a,
ASN00040859,20071130,PRCP,0,,,a,
ASN00040859,20071201,PRCP,0,,,a,
ASN00040859,20071202,PRCP,46,,,a,
ASN00040859,20071203,PRCP,0,,,a,
ASN00040859,20071205,PRCP,54,,,a,
ASN00040859,20071206,PRCP,176,,,a,
ASN00040859,20071207,PRCP,0,,,a,
ASN00040859,20071208,PRCP,76,,,a,
ASN00040859,20071209,PRCP,0,,,a,
ASN00040859,20071210,PRCP,192,,,a,
ASN00040859,20071211,PRCP,18,,,a,
ASN00040859,20071212,PRCP,0,,,a,
ASN00040859,20071213,PRCP,96,,,a,
ASN00040859,20071214,PRCP,0,,,a,
ASN00040859,20071215,PRCP,84,,,a,
ASN00040859,20071216,PRCP,66,,,a,
ASN00040859,20071217,PRCP,0,,,a,
ASN00040859,20071218,PRCP,26,,,a,
ASN00040859,20071220,PRCP,0,,,a,
ASN00040859,20071221,PRCP,0,,,a,
ASN00040859,20071222,PRCP,0,,,a,
ASN00040859,20071223,PRCP,0,,,a,
ASN00040859,20071224,PRCP,2,,,a,
ASN00040859,20071226,PRCP,0,,,a,
ASN00040859,20071227,PRCP,12,,,a,
ASN00040859,20071228,PRCP,6,,,a,
ASN00040859,20071229,PRCP,8,,,a,
ASN00040859,20071230,PRCP,0,,,a,
ASN00040859,20071231,PRCP,124,,,a,
ASN00040859,20080101,PRCP,162,,,a,
ASN00040859,20080102,PRCP,0,,,a,
ASN00040859,20080103,PRCP,126,,,a,
ASN00040859,20080104,PRCP,468,,,a,
ASN00040859,20080105,PRCP,1472,,,a,
ASN00040859,20080106,PRCP,56,,,a,
ASN00040859,20080107,PRCP,168,,,a,
ASN00040859,20080108,PRCP,0,,,a,
ASN00040859,20080109,PRCP,0,,,a,
ASN00040859,20080110,PRCP,0,,,a,
ASN00040859,20080111,PRCP,0,,,a,
ASN00040859,20080112,PRCP,0,,,a,
ASN00040859,20080113,PRCP,20,,,a,
ASN00040859,20080114,PRCP,0,,,a,
ASN00040859,20080115,PRCP,0,,,a,
ASN00040859,20080116,PRCP,0,,,a,
ASN00040859,20080117,PRCP,0,,,a,
ASN00040859,20080118,PRCP,0,,,a,
ASN00040859,20080119,PRCP,0,,,a,
ASN00040859,20080120,PRCP,0,,,a,
ASN00040859,20080121,PRCP,0,,,a,
ASN00040859,20080122,PRCP,0,,,a,
ASN00040859,20080123,PRCP,0,,,a,
ASN00040859,20080124,PRCP,0,,,a,
ASN00040859,20080125,PRCP,0,,,a,
ASN00040859,20080126,PRCP,0,,,a,
ASN00040859,20080127,PRCP,0,,,a,
ASN00040859,20080128,PRCP,0,,,a,
ASN00040859,20080129,PRCP,0,,,a,
ASN00040859,20080130,PRCP,6,,,a,
ASN00040859,20080131,PRCP,2,,,a,
ASN00040859,20080201,PRCP,0,,,a,
ASN00040859,20080202,PRCP,0,,,a,
ASN00040859,20080203,PRCP,0,,,a,
ASN00040859,20080204,PRCP,0,,,a,
ASN00040859,20080205,PRCP,0,,,a,
ASN00040859,20080206,PRCP,2,,,a,
ASN00040859,20080207,PRCP,0,,,a,
ASN00040859,20080208,PRCP,0,,,a,
ASN00040859,20080209,PRCP,0,,,a,
ASN00040859,20080210,PRCP,0,,,a,
ASN00040859,20080211,PRCP,0,,,a,
ASN00040859,20080212,PRCP,0,,,a,
ASN00040859,20080213,PRCP,0,,,a,
ASN00040859,20080214,PRCP,0,,,a,
ASN00040859,20080215,PRCP,0,,,a,
ASN00040859,20080216,PRCP,0,,,a,
ASN00040859,20080218,PRCP,0,,,a,
ASN00040859,20080219,PRCP,0,,,a,
ASN00040859,20080220,PRCP,0,,,a,
ASN00040859,20080221,PRCP,0,,,a,
ASN00040859,20080222,PRCP,0,,,a,
ASN00040859,20080223,PRCP,0,,,a,
ASN00040859,20080224,PRCP,0,,,a,
ASN00040859,20080225,PRCP,0,,,a,
ASN00040859,20080226,PRCP,0,,,a,
ASN00040859,20080227,PRCP,0,,,a,
ASN00040859,20080228,PRCP,0,,,a,
ASN00040859,20080229,PRCP,0,,,a,
ASN00040859,20080301,PRCP,0,,,a,
ASN00040859,20080302,PRCP,0,,,a,
ASN00040859,20080303,PRCP,0,,,a,
ASN00040859,20080304,PRCP,0,,,a,
ASN00040859,20080305,PRCP,0,,,a,
ASN00040859,20080306,PRCP,0,,,a,
ASN00040859,20080307,PRCP,0,,,a,
ASN00040859,20080308,PRCP,0,,,a,
ASN00040859,20080309,PRCP,0,,,a,
ASN00040859,20080310,PRCP,0,,,a,
ASN00040859,20080311,PRCP,0,,,a,
ASN00040859,20080312,PRCP,0,,,a,
ASN00040859,20080313,PRCP,0,,,a,
ASN00040859,20080402,PRCP,10,,,a,
ASN00040859,20080404,PRCP,0,,,a,
ASN00040859,20080405,PRCP,0,,,a,
ASN00040859,20080406,PRCP,6,,,a,
ASN00040859,20080407,PRCP,6,,,a,
ASN00040859,20080408,PRCP,32,,,a,
ASN00040859,20080409,PRCP,66,,,a,
ASN00040859,20080410,PRCP,32,,,a,
ASN00040859,20080411,PRCP,20,,,a,
ASN00040859,20080412,PRCP,0,,,a,
ASN00040859,20080413,PRCP,0,,,a,
ASN00040859,20080415,PRCP,0,,,a,
ASN00040859,20080416,PRCP,6,,,a,
ASN00040859,20080417,PRCP,0,,,a,
ASN00040859,20080418,PRCP,80,,,a,
ASN00040859,20080419,PRCP,34,,,a,
ASN00040859,20080420,PRCP,44,,,a,
ASN00040859,20080421,PRCP,0,,,a,
ASN00040859,20080422,PRCP,0,,,a,
ASN00040859,20080423,PRCP,18,,,a,
ASN00040859,20080424,PRCP,0,,,a,
ASN00040859,20080425,PRCP,8,,,a,
ASN00040859,20080426,PRCP,28,,,a,
ASN00040859,20080427,PRCP,0,,,a,
ASN00040859,20080428,PRCP,6,,,a,
ASN00040859,20080429,PRCP,0,,,a,
ASN00040859,20080430,PRCP,0,,,a,
ASN00040859,20080501,PRCP,0,,,a,
ASN00040859,20080502,PRCP,0,,,a,
ASN00040859,20080503,PRCP,0,,,a,
ASN00040859,20080504,PRCP,0,,,a,
ASN00040859,20080505,PRCP,0,,,a,
ASN00040859,20080506,PRCP,0,,,a,
ASN00040859,20080507,PRCP,0,,,a,
ASN00040859,20080508,PRCP,0,,,a,
ASN00040859,20080509,PRCP,0,,,a,
ASN00040859,20080510,PRCP,4,,,a,
ASN00040859,20080511,PRCP,0,,,a,
ASN00040859,20080512,PRCP,0,,,a,
ASN00040859,20080513,PRCP,0,,,a,
ASN00040859,20080514,PRCP,0,,,a,
ASN00040859,20080515,PRCP,0,,,a,
ASN00040859,20080516,PRCP,0,,,a,
ASN00040859,20080517,PRCP,0,,,a,
ASN00040859,20080518,PRCP,8,,,a,
ASN00040859,20080519,PRCP,0,,,a,
ASN00040859,20080520,PRCP,0,,,a,
ASN00040859,20080521,PRCP,0,,,a,
ASN00040859,20080522,PRCP,0,,,a,
ASN00040859,20080523,PRCP,12,,,a,
ASN00040859,20080524,PRCP,2,,,a,
ASN00040859,20080525,PRCP,0,,,a,
ASN00040859,20080527,PRCP,0,,,a,
ASN00040859,20080528,PRCP,0,,,a,
ASN00040859,20080529,PRCP,48,,,a,
ASN00040859,20080530,PRCP,26,,,a,
ASN00040859,20080531,PRCP,54,,,a,
ASN00040859,20080601,PRCP,2,,,a,
ASN00040859,20080602,PRCP,6,,,a,
ASN00040859,20080603,PRCP,388,,,a,
ASN00040859,20080604,PRCP,4,,,a,
ASN00040859,20080605,PRCP,2,,,a,
ASN00040859,20080606,PRCP,0,,,a,
ASN00040859,20080607,PRCP,0,,,a,
ASN00040859,20080608,PRCP,6,,,a,
ASN00040859,20080609,PRCP,12,,,a,
ASN00040859,20080610,PRCP,2,,,a,
ASN00040859,20080611,PRCP,2,,,a,
ASN00040859,20080612,PRCP,0,,,a,
ASN00040859,20080613,PRCP,0,,,a,
ASN00040859,20080614,PRCP,0,,,a,
ASN00040859,20080615,PRCP,0,,,a,
ASN00040859,20080616,PRCP,0,,,a,
ASN00040859,20080617,PRCP,0,,,a,
ASN00040859,20080618,PRCP,26,,,a,
ASN00040859,20080619,PRCP,68,,,a,
ASN00040859,20080620,PRCP,0,,,a,
ASN00040859,20080621,PRCP,0,,,a,
ASN00040859,20080622,PRCP,0,,,a,
ASN00040859,20080623,PRCP,0,,,a,
ASN00040859,20080624,PRCP,0,,,a,
ASN00040859,20080625,PRCP,0,,,a,
ASN00040859,20080626,PRCP,0,,,a,
ASN00040859,20080627,PRCP,0,,,a,
ASN00040859,20080628,PRCP,0,,,a,
ASN00040859,20080629,PRCP,0,,,a,
ASN00040859,20080630,PRCP,0,,,a,
ASN00040859,20080701,PRCP,0,,,a,
ASN00040859,20080702,PRCP,0,,,a,
ASN00040859,20080703,PRCP,0,,,a,
ASN00040859,20080704,PRCP,0,,,a,
ASN00040859,20080705,PRCP,20,,,a,
ASN00040859,20080706,PRCP,2,,,a,
ASN00040859,20080707,PRCP,34,,,a,
ASN00040859,20080708,PRCP,150,,,a,
ASN00040859,20080709,PRCP,14,,,a,
ASN00040859,20080710,PRCP,0,,,a,
ASN00040859,20080711,PRCP,0,,,a,
ASN00040859,20080712,PRCP,0,,,a,
ASN00040859,20080713,PRCP,0,,,a,
ASN00040859,20080714,PRCP,0,,,a,
ASN00040859,20080715,PRCP,6,,,a,
ASN00040859,20080716,PRCP,22,,,a,
ASN00040859,20080717,PRCP,78,,,a,
ASN00040859,20080718,PRCP,0,,,a,
ASN00040859,20080719,PRCP,0,,,a,
ASN00040859,20080720,PRCP,0,,,a,
ASN00040859,20080721,PRCP,26,,,a,
ASN00040859,20080722,PRCP,0,,,a,
ASN00040859,20080723,PRCP,0,,,a,
ASN00040859,20080724,PRCP,90,,,a,
ASN00040859,20080727,PRCP,0,,,a,
ASN00040859,20080728,PRCP,2,,,a,
ASN00040859,20080729,PRCP,4,,,a,
ASN00040859,20080730,PRCP,0,,,a,
ASN00040859,20080731,PRCP,0,,,a,
ASN00040859,20080801,PRCP,0,,,a,
ASN00040859,20080802,PRCP,0,,,a,
ASN00040859,20080803,PRCP,0,,,a,
ASN00040859,20080804,PRCP,0,,,a,
ASN00040859,20080805,PRCP,0,,,a,
ASN00040859,20080806,PRCP,0,,,a,
ASN00040859,20080807,PRCP,0,,,a,
ASN00040859,20080808,PRCP,0,,,a,
ASN00040859,20080809,PRCP,0,,,a,
ASN00040859,20080810,PRCP,0,,,a,
ASN00040859,20080811,PRCP,0,,,a,
ASN00040859,20080812,PRCP,0,,,a,
ASN00040859,20080813,PRCP,0,,,a,
ASN00040859,20080814,PRCP,0,,,a,
ASN00040859,20080815,PRCP,0,,,a,
ASN00040859,20080816,PRCP,0,,,a,
ASN00040859,20080817,PRCP,0,,,a,
ASN00040859,20080818,PRCP,0,,,a,
ASN00040859,20080819,PRCP,0,,,a,
ASN00040859,20080820,PRCP,0,,,a,
ASN00040859,20080821,PRCP,0,,,a,
ASN00040859,20080822,PRCP,28,,,a,
ASN00040859,20080823,PRCP,16,,,a,
ASN00040859,20080824,PRCP,0,,,a,
ASN00040859,20080825,PRCP,0,,,a,
ASN00040859,20080826,PRCP,0,,,a,
ASN00040859,20080827,PRCP,0,,,a,
ASN00040859,20080828,PRCP,32,,,a,
ASN00040859,20080829,PRCP,4,,,a,
ASN00040859,20080830,PRCP,96,,,a,
ASN00040859,20080901,PRCP,78,,,a,
ASN00040859,20080902,PRCP,0,,,a,
ASN00040859,20080903,PRCP,0,,,a,
ASN00040859,20080904,PRCP,0,,,a,
ASN00040859,20080905,PRCP,224,,,a,
ASN00040859,20080906,PRCP,2,,,a,
ASN00040859,20080907,PRCP,0,,,a,
ASN00040859,20080908,PRCP,0,,,a,
ASN00040859,20080909,PRCP,0,,,a,
ASN00040859,20080910,PRCP,0,,,a,
ASN00040859,20080911,PRCP,0,,,a,
ASN00040859,20080912,PRCP,2,,,a,
ASN00040859,20080913,PRCP,0,,,a,
ASN00040859,20080914,PRCP,0,,,a,
ASN00040859,20080915,PRCP,42,,,a,
ASN00040859,20080916,PRCP,0,,,a,
ASN00040859,20080917,PRCP,0,,,a,
ASN00040859,20080918,PRCP,0,,,a,
ASN00040859,20080919,PRCP,8,,,a,
ASN00040859,20080920,PRCP,6,,,a,
ASN00040859,20080921,PRCP,2,,,a,
ASN00040859,20080922,PRCP,216,,,a,
ASN00040859,20080923,PRCP,0,,,a,
ASN00040859,20080924,PRCP,8,,,a,
ASN00040859,20080925,PRCP,2,,,a,
ASN00040859,20080926,PRCP,0,,,a,
ASN00040859,20080927,PRCP,0,,,a,
ASN00040859,20080928,PRCP,0,,,a,
ASN00040859,20080929,PRCP,0,,,a,
ASN00040859,20080930,PRCP,0,,,a,
ASN00040859,20081001,PRCP,0,,,a,
ASN00040859,20081002,PRCP,0,,,a,
ASN00040859,20081003,PRCP,0,,,a,
ASN00040859,20081004,PRCP,0,,,a,
ASN00040859,20081005,PRCP,0,,,a,
ASN00040859,20081006,PRCP,0,,,a,
ASN00040859,20081007,PRCP,0,,,a,
ASN00040859,20081008,PRCP,0,,,a,
ASN00040859,20081009,PRCP,0,,,a,
ASN00040859,20081010,PRCP,2,,,a,
ASN00040859,20081011,PRCP,26,,,a,
ASN00040859,20081012,PRCP,28,,,a,
ASN00040859,20081013,PRCP,0,,,a,
ASN00040859,20081014,PRCP,0,,,a,
ASN00040859,20081015,PRCP,170,,,a,
ASN00040859,20081016,PRCP,6,,,a,
ASN00040859,20081017,PRCP,0,,,a,
ASN00040859,20081018,PRCP,0,,,a,
ASN00040859,20081019,PRCP,0,,,a,
ASN00040859,20081020,PRCP,0,,,a,
ASN00040859,20081021,PRCP,0,,,a,
ASN00040859,20081022,PRCP,0,,,a,
ASN00040859,20081023,PRCP,6,,,a,
ASN00040859,20081024,PRCP,0,,,a,
ASN00040859,20081025,PRCP,0,,,a,
ASN00040859,20081026,PRCP,0,,,a,
ASN00040859,20081027,PRCP,0,,,a,
ASN00040859,20081028,PRCP,0,,,a,
ASN00040859,20081029,PRCP,0,,,a,
ASN00040859,20081030,PRCP,0,,,a,
ASN00040859,20081031,PRCP,0,,,a,
ASN00040859,20081101,PRCP,0,,,a,
ASN00040859,20081102,PRCP,4,,,a,
ASN00040859,20081103,PRCP,6,,,a,
ASN00040859,20081104,PRCP,24,,,a,
ASN00040859,20081105,PRCP,0,,,a,
ASN00040859,20081106,PRCP,176,,,a,
ASN00040859,20081107,PRCP,0,,,a,
ASN00040859,20081108,PRCP,4,,,a,
ASN00040859,20081109,PRCP,80,,,a,
ASN00040859,20081110,PRCP,12,,,a,
ASN00040859,20081111,PRCP,12,,,a,
ASN00040859,20081112,PRCP,4,,,a,
ASN00040859,20081113,PRCP,14,,,a,
ASN00040859,20081114,PRCP,6,,,a,
ASN00040859,20081115,PRCP,0,,,a,
ASN00040859,20081116,PRCP,44,,,a,
ASN00040859,20081117,PRCP,192,,,a,
ASN00040859,20081118,PRCP,140,,,a,
ASN00040859,20081119,PRCP,316,,,a,
ASN00040859,20081120,PRCP,558,,,a,
ASN00040859,20081121,PRCP,132,,,a,
ASN00040859,20081122,PRCP,0,,,a,
ASN00040859,20081123,PRCP,0,,,a,
ASN00040859,20081124,PRCP,0,,,a,
ASN00040859,20081202,PRCP,2,,,a,
ASN00040859,20081203,PRCP,0,,,a,
ASN00040859,20081204,PRCP,36,,,a,
ASN00040859,20081205,PRCP,10,,,a,
ASN00040859,20081206,PRCP,38,,,a,
ASN00040859,20081207,PRCP,136,,,a,
ASN00040859,20081208,PRCP,0,,,a,
ASN00040859,20081209,PRCP,148,,,a,
ASN00040859,20081210,PRCP,0,,,a,
ASN00040859,20081211,PRCP,44,,,a,
ASN00040859,20081212,PRCP,394,,,a,
ASN00040859,20081213,PRCP,0,,,a,
ASN00040859,20081217,PRCP,0,,,a,
ASN00040859,20081218,PRCP,0,,,a,
ASN00040859,20081219,PRCP,10,,,a,
ASN00040859,20081220,PRCP,0,,,a,
ASN00040859,20081221,PRCP,0,,,a,
ASN00040859,20081222,PRCP,0,,,a,
ASN00040859,20081223,PRCP,0,,,a,
ASN00040859,20081225,PRCP,448,,,a,
ASN00040859,20081226,PRCP,2,,,a,
